edge_id,node_a,node_b
0,0,21
1,1,22
2,2,23
3,3,24
4,4,25
5,5,26
6,6,27
7,7,28
8,8,29
9,9,30
10,10,31
11,11,32
12,12,33
13,13,34
14,14,35
15,15,36
16,16,37
17,17,38
18,18,40
19,19,39
20,20,41
21,21,42
22,22,43
23,23,44
24,24,45
25,25,46
26,25,47
27,26,48
28,27,49
29,27,50
30,28,52
31,29,53
32,29,54
33,30,55
34,31,56
35,31,57
36,32,58
37,32,59
38,33,61
39,34,64
40,34,65
41,35,66
42,36,67
43,37,68
44,38,70
45,39,73
46,40,71
47,40,72
48,41,74
49,41,75
50,42,76
51,43,77
52,44,78
53,45,79
54,46,80
55,47,81
56,48,82
57,49,83
58,50,84
59,51,52
60,51,85
61,52,86
62,53,87
63,54,89
64,55,90
65,55,91
66,56,92
67,57,93
68,58,94
69,59,60
70,60,95
71,61,63
72,61,96
73,62,97
74,62,98
75,63,99
76,64,98
77,65,100
78,66,101
79,66,102
80,67,103
81,67,104
82,68,105
83,68,107
84,69,106
85,70,108
86,71,109
87,72,110
88,73,111
89,74,112
90,75,113
91,76,114
92,77,115
93,78,116
94,79,117
95,80,118
96,81,119
97,82,121
98,83,120
99,84,123
100,85,122
101,86,125
102,87,124
103,88,125
104,88,126
105,89,127
106,90,128
107,91,129
108,92,130
109,93,132
110,94,131
111,95,97
112,96,133
113,99,134
114,100,135
115,101,136
116,102,138
117,103,137
118,104,139
119,105,142
120,106,140
121,107,144
122,108,143
123,109,145
124,110,146
125,111,149
126,112,147
127,113,150
128,114,151
129,115,152
130,116,153
131,117,155
132,118,154
133,119,156
134,120,157
135,121,158
136,122,159
137,123,160
138,124,160
139,126,161
140,127,162
141,128,161
142,129,163
143,130,164
144,131,165
145,132,166
146,133,168
147,134,169
148,135,171
149,136,170
150,137,172
151,138,173
152,139,141
153,139,175
154,140,175
155,141,176
156,142,174
157,143,176
158,144,177
159,145,178
160,146,148
161,146,179
162,147,180
163,148,182
164,149,181
165,150,182
166,151,183
167,152,184
168,153,185
169,154,187
170,155,186
171,156,157
172,158,188
173,159,189
174,162,190
175,163,191
176,164,192
177,165,193
178,166,167
179,166,194
180,167,168
181,169,170
182,169,195
183,171,196
184,172,197
185,173,198
186,174,198
187,175,199
188,176,200
189,177,178
190,179,202
191,180,201
192,181,203
193,183,204
194,184,205
195,185,187
196,186,207
197,187,206
198,188,208
199,189,209
200,190,210
201,191,211
202,192,212
203,193,213
204,194,214
205,195,215
206,196,216
207,197,217
208,198,219
209,199,218
210,200,220
211,201,221
212,202,222
213,203,223
214,204,224
215,205,225
216,206,227
217,207,226
218,208,228
219,209,229
220,210,230
221,211,231
222,212,232
223,213,233
224,214,234
225,215,235
226,216,236
227,217,237
228,218,238
229,219,239
230,220,240
231,221,241
232,222,242
233,223,243
234,224,244
235,225,245
236,226,247
237,227,246
238,228,248
239,229,249
240,230,250
241,231,251
242,232,252
243,233,253
244,234,254
245,235,255
246,236,256
247,237,257
248,238,258
249,239,259
250,240,260
251,241,261
252,242,262
253,243,263
254,244,264
255,245,265
256,246,267
257,247,266
258,248,268
259,249,269
260,250,270
261,251,271
262,252,272
263,253,273
264,254,274
265,255,275
266,256,276
267,257,277
268,258,278
269,259,279
270,260,280
271,261,281
272,262,282
273,263,283
274,264,285
275,265,284
276,266,287
277,267,286
278,268,288
279,269,289
280,270,290
281,271,291
282,272,292
283,273,293
284,274,294
285,275,295
286,276,296
287,277,297
288,278,298
289,279,299
290,280,300
291,281,302
292,282,301
293,283,303
294,284,305
295,285,304
296,286,307
297,287,306
298,288,308
299,289,309
300,290,310
301,291,311
302,292,312
303,293,313
304,294,314
305,295,315
306,296,316
307,297,317
308,298,319
309,299,318
310,300,320
311,301,321
312,302,322
313,303,323
314,304,324
315,305,325
316,306,327
317,307,326
318,308,328
319,309,329
320,310,330
321,311,331
322,312,332
323,313,333
324,314,334
325,315,335
326,316,336
327,317,337
328,318,339
329,319,338
330,320,340
331,321,341
332,322,342
333,323,343
334,324,344
335,325,345
336,326,347
337,327,346
338,328,348
339,329,349
340,330,350
341,331,351
342,332,352
343,333,353
344,334,354
345,335,355
346,336,356
347,337,357
348,338,358
349,339,359
350,340,360
351,341,361
352,342,363
353,343,362
354,344,364
355,345,365
356,346,366
357,347,367
358,348,368
359,349,369
360,350,370
361,351,371
362,352,372
363,353,373
364,354,374
365,355,375
366,356,376
367,357,377
368,358,378
369,359,379
370,361,380
371,362,381
372,363,382
373,364,383
374,365,384
375,366,386
376,367,385
377,368,387
378,369,388
379,370,389
380,371,390
381,372,391
382,373,393
383,374,392
384,375,394
385,376,395
386,377,396
387,378,397
388,379,398
389,380,399
390,381,401
391,382,400
392,383,403
393,384,404
394,385,406
395,386,405
396,387,407
397,388,408
398,389,409
399,390,410
400,391,411
401,392,412
402,393,413
403,394,414
404,395,415
405,396,416
406,397,417
407,398,418
408,399,419
409,400,420
410,401,421
411,402,403
412,403,422
413,404,423
414,405,425
415,406,424
416,407,426
417,408,427
418,409,428
419,410,429
420,411,430
421,412,431
422,413,432
423,414,433
424,415,434
425,416,435
426,417,436
427,418,437
428,419,438
429,420,440
430,421,439
431,422,441
432,423,442
433,424,444
434,425,443
435,426,445
436,427,446
437,428,447
438,429,448
439,430,449
440,431,451
441,432,450
442,433,452
443,434,453
444,435,454
445,436,455
446,437,456
447,438,457
448,439,459
449,440,458
450,441,460
451,442,461
452,443,463
453,444,462
454,445,464
455,446,465
456,447,466
457,448,467
458,449,468
459,450,469
460,451,470
461,452,471
462,453,472
463,454,473
464,455,474
465,456,475
466,457,476
467,458,477
468,459,478
469,460,479
470,461,480
471,462,482
472,463,481
473,464,483
474,465,484
475,466,485
476,467,486
477,468,487
478,469,488
479,470,489
480,471,490
481,472,491
482,473,492
483,474,494
484,475,493
485,476,495
486,477,496
487,478,497
488,479,498
489,480,499
490,481,501
491,482,500
492,483,502
493,484,503
494,485,504
495,486,505
496,487,506
497,488,507
498,489,508
499,490,509
500,491,510
501,492,511
502,493,513
503,494,512
504,495,514
505,496,516
506,497,515
507,498,517
508,499,518
509,500,520
510,501,519
511,502,521
512,503,522
513,504,523
514,505,524
515,506,525
516,507,526
517,508,527
518,509,528
519,509,529
520,510,530
521,511,531
522,512,532
523,513,533
524,514,534
525,515,536
526,516,535
527,517,537
528,518,538
529,519,539
530,520,540
531,521,541
532,522,542
533,523,543
534,524,544
535,525,545
536,526,546
537,527,547
538,529,548
539,530,549
540,531,550
541,532,551
542,533,553
543,534,554
544,535,555
545,536,556
546,537,557
547,538,558
548,539,559
549,540,560
550,541,561
551,542,562
552,543,563
553,544,564
554,545,565
555,546,566
556,547,567
557,548,568
558,549,569
559,550,570
560,551,552
561,551,572
562,552,573
563,553,571
564,554,574
565,555,576
566,556,575
567,557,577
568,558,578
569,559,579
570,560,580
571,561,581
572,562,582
573,563,583
574,564,584
575,565,585
576,566,586
577,567,587
578,568,588
579,569,589
580,570,590
581,571,592
582,572,591
583,573,593
584,574,594
585,575,596
586,576,595
587,577,598
588,578,597
589,579,599
590,580,600
591,581,601
592,582,602
593,583,603
594,584,604
595,585,605
596,586,606
597,587,607
598,588,608
599,589,609
600,590,610
601,591,611
602,592,612
603,593,613
604,594,616
605,595,615
606,596,614
607,597,618
608,598,617
609,599,619
610,600,620
611,601,621
612,602,622
613,603,623
614,604,624
615,605,625
616,606,627
617,607,626
618,608,628
619,609,629
620,610,630
621,611,631
622,612,632
623,613,633
624,614,636
625,615,635
626,616,634
627,617,637
628,618,638
629,619,640
630,620,639
631,621,641
632,622,642
633,623,643
634,624,644
635,625,645
636,626,646
637,627,647
638,628,648
639,629,649
640,630,650
641,631,651
642,632,652
643,634,654
644,635,653
645,636,655
646,637,656
647,638,657
648,639,659
649,640,658
650,641,660
651,642,661
652,643,662
653,644,663
654,645,664
655,646,666
656,647,665
657,648,667
658,649,668
659,650,669
660,651,670
661,652,671
662,653,672
663,654,673
664,655,674
665,656,675
666,657,676
667,658,678
668,659,677
669,660,679
670,661,680
671,662,681
672,663,682
673,664,683
674,665,684
675,666,685
676,667,686
677,668,687
678,669,688
679,670,689
680,671,690
681,673,691
682,674,692
683,675,693
684,676,694
685,677,696
686,678,695
687,679,697
688,680,698
689,681,699
690,682,700
691,683,701
692,684,702
693,685,703
694,686,704
695,687,705
696,688,706
697,689,707
698,690,708
699,691,709
700,692,710
701,693,711
702,694,712
703,695,714
704,696,713
705,697,715
706,698,716
707,699,717
708,700,718
709,701,719
710,702,720
711,703,721
712,704,722
713,705,723
714,706,724
715,707,725
716,708,726
717,709,727
718,710,728
719,711,729
720,712,730
721,713,732
722,714,731
723,715,733
724,716,734
725,717,735
726,718,736
727,719,737
728,720,738
729,721,739
730,722,740
731,723,741
732,724,742
733,725,743
734,726,744
735,727,745
736,728,746
737,729,747
738,730,748
739,731,749
740,732,750
741,733,751
742,734,752
743,735,753
744,736,754
745,737,755
746,738,756
747,739,757
748,740,758
749,741,759
750,742,760
751,743,761
752,744,762
753,745,763
754,746,764
755,747,765
756,748,766
757,749,767
758,750,768
759,751,769
760,752,770
761,753,771
762,754,772
763,755,773
764,756,774
765,757,775
766,759,776
767,760,777
768,761,778
769,762,779
770,763,780
771,764,781
772,765,782
773,766,783
774,767,784
775,768,785
776,769,786
777,770,787
778,771,788
779,772,789
780,773,790
781,774,791
782,775,792
783,776,793
784,777,794
785,778,795
786,779,796
787,780,797
788,781,798
789,782,799
790,783,800
791,784,801
792,785,802
793,786,803
794,787,804
795,788,805
796,789,806
797,790,807
798,791,808
799,792,809
800,793,810
801,794,811
802,795,812
803,796,813
804,797,814
805,798,815
806,799,816
807,800,817
808,801,819
809,802,818
810,803,820
811,804,821
812,805,822
813,806,823
814,807,824
815,808,825
816,809,826
817,810,827
818,811,828
819,812,829
820,813,830
821,815,831
822,816,833
823,817,832
824,818,835
825,819,834
826,820,836
827,821,837
828,822,838
829,823,839
830,824,840
831,825,841
832,826,842
833,827,843
834,828,844
835,829,845
836,830,846
837,831,848
838,832,851
839,833,850
840,834,852
841,835,853
842,836,854
843,837,855
844,838,856
845,839,857
846,840,858
847,841,860
848,842,859
849,843,861
850,844,862
851,845,863
852,846,864
853,847,865
854,848,866
855,849,867
856,849,868
857,850,869
858,851,868
859,852,871
860,853,872
861,854,874
862,855,875
863,856,876
864,857,877
865,858,878
866,860,879
867,861,880
868,862,881
869,863,882
870,864,883
871,865,884
872,866,885
873,867,888
874,868,892
875,869,886
876,870,889
877,870,890
878,871,897
879,872,896
880,873,874
881,873,898
882,874,899
883,875,900
884,876,901
885,877,902
886,878,903
887,879,904
888,880,905
889,881,906
890,882,908
891,883,907
892,884,909
893,885,910
894,886,889
895,886,912
896,887,890
897,887,914
898,888,911
899,891,917
900,891,918
901,892,916
902,893,919
903,893,922
904,894,895
905,894,918
906,895,921
907,896,924
908,897,923
909,897,925
910,898,926
911,899,928
912,900,929
913,901,930
914,902,932
915,903,931
916,904,933
917,905,935
918,906,936
919,907,937
920,908,938
921,909,938
922,910,939
923,911,940
924,912,913
925,913,940
926,914,942
927,915,917
928,915,942
929,916,941
930,919,920
931,920,941
932,921,943
933,922,923
934,924,944
935,925,927
936,926,927
937,928,929
938,930,945
939,931,945
940,932,946
941,933,934
942,933,946
943,935,947
944,936,947
945,937,948
946,939,949
947,941,950
948,943,944
949,943,951
950,945,952
951,947,953
952,948,954
953,949,955
954,950,956
955,951,957
956,952,958
957,953,959
958,954,960
959,955,961
960,956,962
961,957,963
962,958,964
963,959,965
964,960,966
965,961,967
966,962,968
967,963,969
968,964,970
969,965,971
970,966,972
971,967,973
972,968,974
973,969,975
974,970,976
975,971,977
976,972,978
977,973,979
978,974,980
979,975,981
980,976,982
981,977,983
982,978,984
983,979,985
984,980,986
985,981,987
986,982,988
987,983,989
988,984,990
989,985,991
990,986,992
991,987,993
992,988,999
993,989,1003
994,990,1004
995,991,1008
996,992,1009
997,993,1010
998,994,995
999,994,1012
1000,995,1011
1001,996,1012
1002,997,1013
1003,997,1014
1004,998,1016
1005,998,1017
1006,999,1018
1007,999,1019
1008,1000,1020
1009,1001,1021
1010,1001,1022
1011,1002,1023
1012,1003,1024
1013,1004,1025
1014,1005,1006
1015,1005,1026
1016,1006,1027
1017,1007,1008
1018,1007,1029
1019,1009,1031
1020,1010,1033
1021,1011,1032
1022,1012,1034
1023,1013,1035
1024,1014,1036
1025,1015,1037
1026,1015,1038
1027,1016,1038
1028,1017,1039
1029,1018,1040
1030,1019,1041
1031,1020,1021
1032,1022,1042
1033,1023,1043
1034,1024,1044
1035,1025,1045
1036,1026,1046
1037,1027,1047
1038,1028,1048
1039,1028,1049
1040,1029,1049
1041,1030,1050
1042,1031,1051
1043,1032,1052
1044,1033,1053
1045,1034,1054
1046,1035,1055
1047,1036,1037
1048,1039,1056
1049,1040,1057
1050,1041,1058
1051,1042,1059
1052,1043,1060
1053,1044,1061
1054,1045,1062
1055,1046,1063
1056,1047,1048
1057,1049,1064
1058,1050,1065
1059,1051,1066
1060,1052,1067
1061,1053,1068
1062,1054,1069
1063,1055,1069
1064,1056,1070
1065,1057,1071
1066,1058,1072
1067,1059,1073
1068,1060,1074
1069,1061,1075
1070,1062,1076
1071,1063,1077
1072,1064,1078
1073,1065,1080
1074,1066,1079
1075,1067,1082
1076,1068,1081
1077,1069,1083
1078,1070,1084
1079,1071,1085
1080,1072,1086
1081,1073,1087
1082,1074,1088
1083,1075,1089
1084,1076,1090
1085,1077,1091
1086,1078,1092
1087,1079,1094
1088,1080,1093
1089,1081,1096
1090,1082,1095
1091,1083,1097
1092,1084,1098
1093,1085,1099
1094,1086,1100
1095,1087,1101
1096,1088,1102
1097,1089,1103
1098,1090,1104
1099,1091,1105
1100,1092,1106
1101,1093,1108
1102,1094,1107
1103,1095,1110
1104,1096,1109
1105,1097,1111
1106,1098,1112
1107,1099,1113
1108,1100,1114
1109,1101,1115
1110,1102,1116
1111,1103,1117
1112,1104,1118
1113,1105,1119
1114,1106,1120
1115,1107,1122
1116,1108,1121
1117,1109,1124
1118,1110,1123
1119,1111,1125
1120,1112,1126
1121,1113,1127
1122,1114,1128
1123,1115,1129
1124,1116,1130
1125,1117,1131
1126,1118,1132
1127,1119,1133
1128,1120,1134
1129,1121,1135
1130,1122,1136
1131,1123,1138
1132,1124,1137
1133,1125,1139
1134,1126,1140
1135,1127,1141
1136,1128,1142
1137,1129,1143
1138,1130,1144
1139,1131,1145
1140,1132,1146
1141,1133,1147
1142,1134,1148
1143,1135,1150
1144,1136,1149
1145,1137,1152
1146,1138,1151
1147,1139,1153
1148,1140,1154
1149,1141,1155
1150,1142,1156
1151,1143,1157
1152,1144,1158
1153,1145,1159
1154,1146,1160
1155,1147,1161
1156,1148,1162
1157,1149,1163
1158,1150,1164
1159,1151,1167
1160,1152,1165
1161,1153,1168
1162,1154,1169
1163,1155,1170
1164,1156,1171
1165,1157,1172
1166,1158,1173
1167,1159,1174
1168,1160,1175
1169,1161,1176
1170,1162,1177
1171,1163,1178
1172,1164,1179
1173,1165,1181
1174,1166,1182
1175,1167,1180
1176,1168,1182
1177,1169,1183
1178,1170,1184
1179,1171,1185
1180,1172,1186
1181,1173,1187
1182,1174,1188
1183,1175,1189
1184,1176,1190
1185,1177,1191
1186,1178,1193
1187,1179,1192
1188,1180,1195
1189,1181,1194
1190,1182,1196
1191,1183,1197
1192,1184,1198
1193,1185,1199
1194,1186,1200
1195,1187,1201
1196,1188,1202
1197,1189,1203
1198,1190,1204
1199,1191,1205
1200,1192,1206
1201,1193,1207
1202,1194,1209
1203,1195,1208
1204,1196,1210
1205,1197,1211
1206,1198,1212
1207,1199,1213
1208,1200,1214
1209,1201,1215
1210,1202,1216
1211,1203,1217
1212,1204,1218
1213,1205,1220
1214,1206,1222
1215,1207,1223
1216,1208,1225
1217,1209,1224
1218,1210,1226
1219,1211,1227
1220,1212,1228
1221,1213,1230
1222,1214,1231
1223,1215,1232
1224,1216,1233
1225,1217,1234
1226,1218,1235
1227,1219,1236
1228,1220,1239
1229,1221,1238
1230,1222,1241
1231,1223,1240
1232,1224,1243
1233,1225,1242
1234,1226,1244
1235,1227,1245
1236,1228,1246
1237,1229,1247
1238,1230,1248
1239,1231,1249
1240,1232,1250
1241,1233,1251
1242,1234,1252
1243,1235,1253
1244,1236,1255
1245,1237,1254
1246,1238,1255
1247,1239,1256
1248,1240,1257
1249,1241,1258
1250,1242,1259
1251,1243,1260
1252,1244,1261
1253,1245,1262
1254,1246,1263
1255,1247,1264
1256,1248,1265
1257,1249,1267
1258,1250,1266
1259,1251,1268
1260,1252,1269
1261,1253,1271
1262,1254,1270
1263,1255,1273
1264,1256,1272
1265,1257,1274
1266,1258,1275
1267,1259,1276
1268,1260,1277
1269,1261,1278
1270,1262,1279
1271,1263,1280
1272,1264,1281
1273,1265,1282
1274,1266,1284
1275,1267,1283
1276,1268,1285
1277,1269,1286
1278,1270,1287
1279,1271,1288
1280,1272,1290
1281,1273,1289
1282,1274,1291
1283,1275,1292
1284,1276,1293
1285,1277,1294
1286,1278,1295
1287,1279,1296
1288,1280,1297
1289,1281,1298
1290,1282,1299
1291,1283,1300
1292,1284,1301
1293,1285,1302
1294,1286,1303
1295,1287,1305
1296,1288,1304
1297,1289,1307
1298,1290,1306
1299,1291,1309
1300,1292,1308
1301,1293,1310
1302,1294,1311
1303,1295,1312
1304,1296,1313
1305,1298,1314
1306,1299,1315
1307,1300,1316
1308,1301,1317
1309,1302,1318
1310,1303,1319
1311,1304,1321
1312,1305,1320
1313,1306,1322
1314,1307,1323
1315,1308,1325
1316,1309,1324
1317,1310,1326
1318,1311,1327
1319,1312,1328
1320,1313,1329
1321,1314,1330
1322,1315,1331
1323,1316,1332
1324,1317,1333
1325,1318,1334
1326,1319,1335
1327,1320,1337
1328,1321,1336
1329,1322,1338
1330,1323,1339
1331,1324,1340
1332,1325,1341
1333,1326,1342
1334,1327,1343
1335,1328,1344
1336,1329,1345
1337,1330,1346
1338,1331,1347
1339,1332,1348
1340,1333,1349
1341,1334,1350
1342,1335,1351
1343,1336,1353
1344,1337,1352
1345,1338,1354
1346,1339,1355
1347,1340,1357
1348,1341,1356
1349,1342,1358
1350,1343,1359
1351,1344,1360
1352,1345,1361
1353,1346,1362
1354,1347,1363
1355,1348,1364
1356,1349,1365
1357,1350,1366
1358,1351,1367
1359,1352,1369
1360,1353,1368
1361,1354,1371
1362,1355,1370
1363,1356,1372
1364,1357,1373
1365,1358,1375
1366,1359,1374
1367,1360,1376
1368,1361,1377
1369,1362,1378
1370,1363,1379
1371,1364,1380
1372,1365,1381
1373,1366,1382
1374,1367,1383
1375,1368,1385
1376,1369,1384
1377,1370,1386
1378,1371,1387
1379,1372,1388
1380,1373,1389
1381,1373,1390
1382,1374,1392
1383,1375,1391
1384,1376,1393
1385,1377,1394
1386,1378,1395
1387,1379,1396
1388,1380,1397
1389,1381,1398
1390,1382,1399
1391,1383,1400
1392,1384,1401
1393,1385,1402
1394,1386,1403
1395,1387,1404
1396,1388,1405
1397,1389,1406
1398,1391,1408
1399,1392,1407
1400,1393,1409
1401,1394,1410
1402,1395,1412
1403,1396,1411
1404,1397,1413
1405,1398,1414
1406,1399,1415
1407,1400,1416
1408,1401,1417
1409,1402,1418
1410,1403,1419
1411,1404,1420
1412,1405,1421
1413,1406,1422
1414,1407,1424
1415,1408,1423
1416,1409,1425
1417,1410,1426
1418,1411,1428
1419,1412,1427
1420,1413,1429
1421,1414,1430
1422,1415,1431
1423,1416,1432
1424,1417,1433
1425,1418,1434
1426,1419,1435
1427,1420,1436
1428,1421,1438
1429,1422,1437
1430,1423,1439
1431,1424,1440
1432,1425,1441
1433,1426,1442
1434,1427,1443
1435,1428,1444
1436,1429,1445
1437,1430,1446
1438,1431,1447
1439,1432,1448
1440,1433,1450
1441,1434,1449
1442,1435,1452
1443,1436,1451
1444,1437,1453
1445,1438,1454
1446,1439,1455
1447,1440,1456
1448,1441,1457
1449,1442,1459
1450,1443,1460
1451,1444,1461
1452,1445,1463
1453,1446,1462
1454,1447,1464
1455,1448,1465
1456,1449,1467
1457,1450,1466
1458,1451,1469
1459,1452,1468
1460,1453,1470
1461,1454,1471
1462,1455,1473
1463,1456,1472
1464,1457,1474
1465,1458,1475
1466,1459,1476
1467,1460,1477
1468,1461,1478
1469,1462,1480
1470,1463,1479
1471,1464,1481
1472,1465,1482
1473,1466,1484
1474,1467,1483
1475,1468,1486
1476,1469,1485
1477,1470,1487
1478,1471,1488
1479,1472,1491
1480,1473,1490
1481,1474,1492
1482,1475,1493
1483,1476,1494
1484,1477,1495
1485,1478,1496
1486,1479,1497
1487,1480,1498
1488,1481,1499
1489,1482,1500
1490,1483,1501
1491,1484,1502
1492,1485,1504
1493,1486,1503
1494,1487,1505
1495,1488,1506
1496,1489,1507
1497,1490,1509
1498,1491,1508
1499,1492,1510
1500,1493,1511
1501,1494,1512
1502,1495,1513
1503,1496,1514
1504,1497,1515
1505,1498,1516
1506,1499,1517
1507,1500,1518
1508,1501,1520
1509,1502,1519
1510,1503,1522
1511,1504,1521
1512,1505,1523
1513,1506,1524
1514,1507,1525
1515,1508,1527
1516,1509,1526
1517,1510,1528
1518,1511,1529
1519,1512,1530
1520,1513,1531
1521,1514,1532
1522,1515,1533
1523,1516,1534
1524,1517,1535
1525,1518,1536
1526,1519,1538
1527,1520,1537
1528,1521,1540
1529,1522,1539
1530,1523,1541
1531,1524,1542
1532,1525,1543
1533,1526,1545
1534,1527,1544
1535,1528,1546
1536,1529,1547
1537,1530,1548
1538,1531,1549
1539,1532,1550
1540,1533,1552
1541,1534,1551
1542,1535,1553
1543,1536,1554
1544,1537,1556
1545,1538,1555
1546,1539,1558
1547,1540,1557
1548,1541,1559
1549,1542,1560
1550,1543,1561
1551,1544,1563
1552,1545,1562
1553,1546,1564
1554,1547,1565
1555,1548,1566
1556,1549,1567
1557,1550,1568
1558,1551,1570
1559,1552,1569
1560,1553,1571
1561,1554,1572
1562,1555,1574
1563,1556,1573
1564,1557,1576
1565,1558,1575
1566,1559,1578
1567,1560,1579
1568,1561,1580
1569,1562,1582
1570,1563,1581
1571,1564,1583
1572,1565,1584
1573,1566,1585
1574,1567,1586
1575,1568,1587
1576,1569,1588
1577,1570,1589
1578,1571,1590
1579,1572,1591
1580,1573,1592
1581,1574,1593
1582,1575,1594
1583,1576,1596
1584,1577,1595
1585,1579,1597
1586,1580,1598
1587,1581,1600
1588,1582,1599
1589,1583,1601
1590,1584,1602
1591,1585,1603
1592,1586,1604
1593,1587,1605
1594,1588,1606
1595,1589,1607
1596,1590,1608
1597,1591,1609
1598,1592,1610
1599,1593,1611
1600,1594,1614
1601,1595,1612
1602,1596,1613
1603,1597,1615
1604,1598,1616
1605,1599,1618
1606,1600,1617
1607,1601,1619
1608,1602,1620
1609,1603,1621
1610,1604,1622
1611,1605,1623
1612,1606,1624
1613,1607,1625
1614,1608,1626
1615,1609,1627
1616,1610,1628
1617,1611,1629
1618,1612,1630
1619,1613,1632
1620,1614,1631
1621,1615,1633
1622,1616,1634
1623,1617,1636
1624,1618,1635
1625,1619,1638
1626,1620,1639
1627,1621,1640
1628,1622,1642
1629,1623,1643
1630,1624,1645
1631,1625,1644
1632,1626,1646
1633,1627,1647
1634,1628,1650
1635,1629,1649
1636,1630,1652
1637,1631,1651
1638,1633,1654
1639,1634,1655
1640,1635,1657
1641,1636,1656
1642,1637,1658
1643,1637,1660
1644,1638,1659
1645,1639,1661
1646,1639,1662
1647,1640,1663
1648,1641,1664
1649,1642,1665
1650,1643,1666
1651,1644,1668
1652,1645,1667
1653,1646,1669
1654,1647,1670
1655,1648,1671
1656,1648,1672
1657,1649,1673
1658,1650,1674
1659,1651,1675
1660,1652,1677
1661,1653,1676
1662,1653,1677
1663,1654,1678
1664,1655,1679
1665,1656,1681
1666,1657,1680
1667,1658,1682
1668,1659,1683
1669,1660,1684
1670,1661,1685
1671,1662,1686
1672,1663,1688
1673,1664,1687
1674,1665,1689
1675,1666,1690
1676,1667,1692
1677,1668,1691
1678,1669,1693
1679,1670,1694
1680,1671,1695
1681,1672,1696
1682,1673,1698
1683,1674,1697
1684,1675,1700
1685,1676,1699
1686,1677,1701
1687,1678,1702
1688,1679,1703
1689,1680,1704
1690,1681,1705
1691,1682,1706
1692,1683,1707
1693,1684,1708
1694,1685,1709
1695,1686,1710
1696,1687,1711
1697,1688,1712
1698,1689,1713
1699,1690,1714
1700,1691,1715
1701,1692,1716
1702,1693,1718
1703,1694,1717
1704,1695,1719
1705,1696,1720
1706,1697,1721
1707,1698,1722
1708,1699,1723
1709,1700,1725
1710,1701,1726
1711,1702,1727
1712,1703,1704
1713,1705,1728
1714,1706,1728
1715,1707,1729
1716,1708,1730
1717,1709,1731
1718,1710,1711
1719,1712,1732
1720,1713,1732
1721,1714,1733
1722,1715,1733
1723,1716,1734
1724,1717,1735
1725,1718,1736
1726,1719,1736
1727,1720,1737
1728,1721,1738
1729,1722,1739
1730,1723,1724
1731,1724,1739
1732,1725,1740
1733,1726,1740
1734,1727,1741
1735,1729,1742
1736,1730,1743
1737,1731,1743
1738,1734,1744
1739,1735,1745
1740,1737,1738
1741,1737,1746
1742,1739,1747
1743,1740,1748
1744,1741,1749
1745,1742,1750
1746,1743,1751
1747,1744,1752
1748,1745,1753
1749,1746,1754
1750,1747,1755
1751,1748,1756
1752,1749,1757
1753,1750,1758
1754,1751,1759
1755,1752,1760
1756,1754,1761
1757,1755,1762
1758,1757,1763
1759,1758,1764
1760,1759,1765
1761,1760,1766
1762,1761,1767
1763,1762,1768
1764,1763,1769
1765,1764,1770
1766,1765,1771
1767,1766,1772
1768,1767,1774
1769,1768,1775
1770,1769,1776
1771,1770,1777
1772,1771,1778
1773,1772,1779
1774,1773,1781
1775,1774,1780
1776,1775,1781
1777,1776,1782
1778,1777,1783
1779,1778,1784
1780,1779,1785
1781,1780,1786
1782,1781,1787
1783,1782,1789
1784,1783,1791
1785,1784,1792
1786,1785,1796
1787,1786,1797
1788,1786,1798
1789,1787,1799
1790,1788,1800
1791,1789,1790
1792,1789,1801
1793,1790,1802
1794,1791,1807
1795,1792,1793
1796,1792,1808
1797,1793,1809
1798,1794,1813
1799,1794,1814
1800,1795,1796
1801,1796,1815
1802,1797,1826
1803,1798,1827
1804,1799,1828
1805,1800,1829
1806,1801,1831
1807,1802,1832
1808,1803,1804
1809,1803,1833
1810,1804,1835
1811,1805,1806
1812,1805,1834
1813,1806,1836
1814,1807,1837
1815,1808,1838
1816,1809,1839
1817,1810,1811
1818,1810,1841
1819,1811,1812
1820,1812,1842
1821,1813,1843
1822,1814,1845
1823,1815,1816
1824,1815,1846
1825,1816,1847
1826,1817,1818
1827,1817,1849
1828,1818,1819
1829,1819,1850
1830,1820,1821
1831,1820,1851
1832,1821,1853
1833,1822,1823
1834,1822,1852
1835,1823,1854
1836,1824,1825
1837,1824,1855
1838,1825,1857
1839,1826,1856
1840,1827,1858
1841,1828,1859
1842,1829,1860
1843,1830,1831
1844,1832,1861
1845,1833,1862
1846,1834,1864
1847,1835,1863
1848,1836,1865
1849,1837,1866
1850,1838,1867
1851,1839,1868
1852,1839,1869
1853,1840,1841
1854,1840,1869
1855,1841,1870
1856,1842,1872
1857,1843,1871
1858,1844,1872
1859,1845,1873
1860,1846,1874
1861,1847,1848
1862,1848,1849
1863,1850,1875
1864,1851,1876
1865,1852,1877
1866,1853,1878
1867,1854,1880
1868,1855,1879
1869,1856,1881
1870,1857,1882
1871,1858,1884
1872,1859,1883
1873,1860,1885
1874,1861,1886
1875,1862,1887
1876,1863,1889
1877,1864,1888
1878,1865,1890
1879,1866,1891
1880,1867,1890
1881,1868,1892
1882,1870,1893
1883,1871,1894
1884,1872,1895
1885,1873,1896
1886,1874,1897
1887,1875,1898
1888,1876,1899
1889,1877,1900
1890,1878,1901
1891,1879,1902
1892,1880,1903
1893,1881,1903
1894,1882,1904
1895,1883,1906
1896,1884,1905
1897,1885,1907
1898,1886,1908
1899,1887,1909
1900,1888,1911
1901,1889,1910
1902,1891,1912
1903,1892,1913
1904,1893,1914
1905,1894,1915
1906,1895,1916
1907,1896,1917
1908,1897,1918
1909,1898,1919
1910,1899,1920
1911,1900,1921
1912,1901,1923
1913,1902,1922
1914,1904,1924
1915,1905,1926
1916,1906,1925
1917,1907,1927
1918,1908,1928
1919,1909,1929
1920,1910,1931
1921,1911,1930
1922,1912,1932
1923,1913,1933
1924,1914,1934
1925,1915,1935
1926,1916,1936
1927,1917,1938
1928,1918,1939
1929,1919,1941
1930,1920,1940
1931,1921,1942
1932,1922,1923
1933,1923,1943
1934,1924,1944
1935,1925,1945
1936,1926,1946
1937,1927,1947
1938,1928,1948
1939,1929,1950
1940,1930,1952
1941,1931,1951
1942,1932,1953
1943,1933,1954
1944,1934,1955
1945,1935,1956
1946,1936,1957
1947,1937,1959
1948,1938,1958
1949,1939,1960
1950,1940,1962
1951,1941,1961
1952,1942,1963
1953,1943,1964
1954,1944,1965
1955,1945,1967
1956,1946,1966
1957,1947,1968
1958,1948,1970
1959,1949,1971
1960,1950,1972
1961,1951,1974
1962,1952,1973
1963,1953,1975
1964,1954,1976
1965,1955,1977
1966,1956,1978
1967,1957,1979
1968,1958,1980
1969,1959,1981
1970,1960,1982
1971,1961,1984
1972,1962,1983
1973,1963,1985
1974,1964,1986
1975,1965,1987
1976,1966,1988
1977,1967,1989
1978,1968,1991
1979,1969,1990
1980,1970,1993
1981,1971,1992
1982,1972,1994
1983,1973,1996
1984,1974,1995
1985,1975,1997
1986,1976,1998
1987,1977,1999
1988,1978,2000
1989,1979,2001
1990,1980,2002
1991,1981,2003
1992,1982,2004
1993,1983,2006
1994,1984,2005
1995,1985,2007
1996,1986,2008
1997,1987,2009
1998,1988,2010
1999,1989,2011
2000,1990,2013
2001,1991,2012
2002,1992,2014
2003,1993,2015
2004,1994,2016
2005,1995,2018
2006,1996,2017
2007,1997,2019
2008,1998,2020
2009,1999,2021
2010,2000,2022
2011,2001,2023
2012,2002,2024
2013,2003,2025
2014,2004,2026
2015,2005,2028
2016,2006,2027
2017,2007,2029
2018,2008,2030
2019,2009,2031
2020,2010,2033
2021,2011,2032
2022,2012,2035
2023,2013,2034
2024,2014,2037
2025,2015,2036
2026,2016,2038
2027,2017,2040
2028,2018,2039
2029,2019,2041
2030,2020,2042
2031,2021,2043
2032,2022,2044
2033,2023,2045
2034,2024,2046
2035,2025,2047
2036,2026,2048
2037,2027,2050
2038,2028,2049
2039,2029,2051
2040,2030,2052
2041,2031,2053
2042,2032,2055
2043,2033,2054
2044,2034,2056
2045,2035,2057
2046,2036,2059
2047,2037,2058
2048,2038,2060
2049,2039,2061
2050,2040,2062
2051,2041,2063
2052,2042,2064
2053,2043,2065
2054,2044,2066
2055,2045,2067
2056,2046,2068
2057,2047,2069
2058,2048,2070
2059,2049,2072
2060,2050,2071
2061,2051,2073
2062,2052,2074
2063,2053,2075
2064,2054,2077
2065,2055,2076
2066,2056,2078
2067,2057,2079
2068,2058,2080
2069,2059,2082
2070,2060,2081
2071,2061,2083
2072,2062,2084
2073,2063,2085
2074,2064,2086
2075,2066,2087
2076,2067,2088
2077,2068,2089
2078,2069,2090
2079,2070,2091
2080,2071,2093
2081,2072,2092
2082,2073,2094
2083,2074,2095
2084,2075,2096
2085,2076,2097
2086,2077,2098
2087,2078,2100
2088,2079,2099
2089,2080,2102
2090,2082,2101
2091,2083,2103
2092,2084,2104
2093,2085,2105
2094,2086,2106
2095,2087,2107
2096,2088,2108
2097,2089,2109
2098,2090,2110
2099,2091,2111
2100,2092,2113
2101,2093,2112
2102,2094,2114
2103,2095,2115
2104,2096,2116
2105,2097,2118
2106,2098,2117
2107,2099,2119
2108,2100,2120
2109,2101,2122
2110,2102,2121
2111,2103,2123
2112,2104,2124
2113,2105,2125
2114,2106,2126
2115,2107,2127
2116,2108,2128
2117,2109,2129
2118,2110,2130
2119,2111,2131
2120,2112,2133
2121,2113,2132
2122,2114,2134
2123,2115,2135
2124,2116,2136
2125,2117,2138
2126,2118,2137
2127,2119,2139
2128,2120,2140
2129,2121,2141
2130,2122,2142
2131,2123,2143
2132,2124,2144
2133,2125,2145
2134,2126,2146
2135,2127,2147
2136,2128,2148
2137,2129,2149
2138,2130,2150
2139,2131,2151
2140,2132,2153
2141,2133,2152
2142,2134,2154
2143,2135,2155
2144,2136,2156
2145,2137,2158
2146,2138,2157
2147,2139,2159
2148,2140,2160
2149,2141,2161
2150,2142,2162
2151,2143,2163
2152,2144,2164
2153,2145,2165
2154,2146,2166
2155,2147,2167
2156,2148,2168
2157,2149,2170
2158,2150,2171
2159,2151,2172
2160,2152,2174
2161,2153,2173
2162,2154,2175
2163,2155,2176
2164,2156,2177
2165,2157,2180
2166,2158,2179
2167,2159,2181
2168,2160,2182
2169,2161,2183
2170,2162,2184
2171,2163,2185
2172,2164,2186
2173,2165,2187
2174,2166,2188
2175,2167,2189
2176,2168,2190
2177,2169,2192
2178,2170,2191
2179,2171,2192
2180,2172,2193
2181,2173,2195
2182,2174,2194
2183,2175,2196
2184,2176,2197
2185,2177,2198
2186,2178,2201
2187,2179,2199
2188,2180,2200
2189,2181,2202
2190,2182,2203
2191,2183,2205
2192,2184,2204
2193,2185,2206
2194,2186,2207
2195,2187,2208
2196,2188,2209
2197,2189,2210
2198,2190,2211
2199,2191,2212
2200,2192,2213
2201,2193,2215
2202,2194,2217
2203,2195,2216
2204,2196,2218
2205,2197,2219
2206,2198,2220
2207,2199,2222
2208,2200,2221
2209,2201,2223
2210,2202,2224
2211,2203,2225
2212,2204,2226
2213,2205,2227
2214,2206,2228
2215,2207,2229
2216,2208,2230
2217,2209,2231
2218,2210,2232
2219,2211,2233
2220,2212,2234
2221,2213,2235
2222,2214,2236
2223,2215,2237
2224,2216,2238
2225,2217,2239
2226,2218,2240
2227,2219,2241
2228,2220,2242
2229,2221,2244
2230,2222,2243
2231,2223,2245
2232,2224,2247
2233,2225,2246
2234,2226,2249
2235,2227,2248
2236,2228,2250
2237,2229,2251
2238,2230,2252
2239,2231,2253
2240,2232,2254
2241,2233,2255
2242,2234,2256
2243,2235,2257
2244,2236,2258
2245,2237,2259
2246,2238,2260
2247,2239,2261
2248,2240,2262
2249,2241,2263
2250,2242,2264
2251,2243,2266
2252,2244,2265
2253,2245,2267
2254,2246,2269
2255,2247,2268
2256,2248,2270
2257,2249,2271
2258,2250,2272
2259,2251,2273
2260,2252,2274
2261,2253,2275
2262,2254,2276
2263,2255,2277
2264,2256,2278
2265,2257,2279
2266,2258,2280
2267,2259,2281
2268,2260,2282
2269,2261,2283
2270,2262,2284
2271,2263,2285
2272,2264,2286
2273,2265,2288
2274,2266,2287
2275,2267,2289
2276,2268,2291
2277,2269,2290
2278,2270,2292
2279,2271,2293
2280,2272,2294
2281,2273,2295
2282,2274,2296
2283,2275,2297
2284,2276,2298
2285,2277,2299
2286,2278,2300
2287,2279,2301
2288,2280,2302
2289,2281,2303
2290,2282,2304
2291,2283,2305
2292,2284,2306
2293,2285,2307
2294,2286,2308
2295,2287,2310
2296,2288,2309
2297,2289,2311
2298,2290,2312
2299,2291,2313
2300,2292,2314
2301,2293,2315
2302,2294,2317
2303,2295,2316
2304,2296,2318
2305,2297,2319
2306,2298,2320
2307,2299,2321
2308,2300,2322
2309,2301,2323
2310,2302,2324
2311,2303,2325
2312,2304,2326
2313,2305,2327
2314,2306,2328
2315,2307,2329
2316,2308,2330
2317,2309,2332
2318,2310,2331
2319,2311,2333
2320,2312,2334
2321,2313,2335
2322,2314,2336
2323,2315,2337
2324,2316,2339
2325,2317,2338
2326,2318,2340
2327,2319,2341
2328,2320,2342
2329,2321,2343
2330,2322,2344
2331,2323,2345
2332,2324,2346
2333,2325,2347
2334,2326,2349
2335,2327,2348
2336,2328,2350
2337,2329,2351
2338,2330,2352
2339,2331,2354
2340,2332,2353
2341,2333,2356
2342,2334,2357
2343,2335,2355
2344,2336,2358
2345,2337,2359
2346,2338,2360
2347,2339,2361
2348,2340,2362
2349,2341,2363
2350,2342,2364
2351,2343,2365
2352,2344,2366
2353,2345,2367
2354,2346,2368
2355,2347,2369
2356,2348,2371
2357,2349,2370
2358,2350,2372
2359,2351,2373
2360,2352,2374
2361,2353,2375
2362,2354,2376
2363,2355,2377
2364,2356,2378
2365,2357,2379
2366,2358,2380
2367,2359,2381
2368,2360,2383
2369,2361,2382
2370,2362,2384
2371,2363,2385
2372,2364,2386
2373,2365,2387
2374,2366,2388
2375,2367,2389
2376,2368,2390
2377,2369,2391
2378,2370,2393
2379,2371,2392
2380,2372,2394
2381,2373,2395
2382,2374,2396
2383,2375,2397
2384,2376,2398
2385,2377,2399
2386,2378,2400
2387,2379,2401
2388,2380,2402
2389,2381,2403
2390,2382,2405
2391,2383,2404
2392,2384,2406
2393,2385,2407
2394,2386,2408
2395,2387,2409
2396,2388,2411
2397,2389,2410
2398,2390,2412
2399,2391,2413
2400,2392,2415
2401,2393,2414
2402,2394,2416
2403,2395,2417
2404,2396,2418
2405,2397,2420
2406,2398,2419
2407,2399,2421
2408,2400,2422
2409,2401,2423
2410,2402,2424
2411,2403,2425
2412,2404,2427
2413,2405,2426
2414,2406,2428
2415,2407,2429
2416,2408,2430
2417,2409,2431
2418,2410,2433
2419,2411,2432
2420,2412,2434
2421,2413,2435
2422,2414,2437
2423,2415,2436
2424,2416,2438
2425,2417,2439
2426,2418,2440
2427,2419,2441
2428,2420,2442
2429,2421,2443
2430,2422,2444
2431,2423,2445
2432,2424,2446
2433,2425,2447
2434,2426,2449
2435,2427,2448
2436,2428,2450
2437,2429,2451
2438,2430,2452
2439,2431,2453
2440,2432,2454
2441,2433,2455
2442,2434,2456
2443,2435,2457
2444,2436,2459
2445,2437,2458
2446,2438,2460
2447,2439,2461
2448,2440,2462
2449,2441,2464
2450,2442,2463
2451,2443,2466
2452,2444,2465
2453,2445,2467
2454,2446,2469
2455,2447,2468
2456,2448,2471
2457,2449,2470
2458,2450,2472
2459,2451,2474
2460,2452,2475
2461,2453,2476
2462,2454,2477
2463,2455,2478
2464,2456,2479
2465,2457,2480
2466,2458,2482
2467,2459,2481
2468,2460,2483
2469,2461,2484
2470,2462,2485
2471,2463,2487
2472,2464,2486
2473,2465,2489
2474,2466,2488
2475,2467,2490
2476,2468,2492
2477,2469,2491
2478,2470,2494
2479,2471,2493
2480,2472,2495
2481,2473,2496
2482,2474,2497
2483,2475,2498
2484,2476,2499
2485,2477,2500
2486,2478,2501
2487,2479,2502
2488,2481,2504
2489,2482,2503
2490,2483,2505
2491,2484,2506
2492,2485,2507
2493,2486,2510
2494,2487,2508
2495,2488,2512
2496,2489,2511
2497,2490,2513
2498,2491,2515
2499,2492,2514
2500,2493,2516
2501,2494,2517
2502,2495,2518
2503,2496,2519
2504,2497,2520
2505,2498,2522
2506,2499,2521
2507,2500,2523
2508,2501,2524
2509,2502,2525
2510,2503,2526
2511,2504,2527
2512,2505,2528
2513,2506,2529
2514,2507,2530
2515,2508,2532
2516,2509,2533
2517,2510,2531
2518,2511,2534
2519,2512,2535
2520,2513,2536
2521,2514,2538
2522,2515,2537
2523,2516,2539
2524,2517,2540
2525,2518,2541
2526,2519,2543
2527,2520,2542
2528,2521,2545
2529,2522,2544
2530,2523,2546
2531,2524,2547
2532,2525,2548
2533,2526,2549
2534,2527,2550
2535,2528,2551
2536,2529,2552
2537,2530,2553
2538,2531,2555
2539,2532,2554
2540,2533,2556
2541,2533,2558
2542,2534,2559
2543,2535,2557
2544,2536,2560
2545,2537,2561
2546,2538,2562
2547,2539,2564
2548,2540,2565
2549,2541,2566
2550,2543,2567
2551,2544,2568
2552,2546,2569
2553,2547,2570
2554,2548,2571
2555,2549,2572
2556,2550,2573
2557,2551,2574
2558,2552,2575
2559,2553,2576
2560,2554,2578
2561,2555,2577
2562,2556,2579
2563,2557,2579
2564,2558,2581
2565,2559,2580
2566,2560,2582
2567,2561,2584
2568,2562,2583
2569,2563,2585
2570,2564,2585
2571,2565,2586
2572,2566,2587
2573,2567,2588
2574,2568,2589
2575,2569,2590
2576,2570,2591
2577,2571,2592
2578,2572,2593
2579,2573,2594
2580,2574,2595
2581,2575,2596
2582,2576,2597
2583,2577,2598
2584,2578,2599
2585,2579,2602
2586,2580,2600
2587,2581,2603
2588,2582,2601
2589,2583,2605
2590,2584,2604
2591,2585,2606
2592,2586,2607
2593,2587,2608
2594,2588,2609
2595,2589,2610
2596,2590,2611
2597,2591,2612
2598,2592,2613
2599,2593,2614
2600,2594,2615
2601,2595,2616
2602,2596,2617
2603,2597,2618
2604,2598,2620
2605,2599,2619
2606,2600,2621
2607,2601,2623
2608,2602,2624
2609,2603,2622
2610,2604,2626
2611,2605,2625
2612,2606,2627
2613,2607,2628
2614,2608,2629
2615,2609,2630
2616,2610,2631
2617,2611,2632
2618,2612,2633
2619,2613,2634
2620,2614,2635
2621,2615,2636
2622,2616,2637
2623,2617,2638
2624,2618,2639
2625,2619,2641
2626,2620,2640
2627,2621,2642
2628,2622,2645
2629,2623,2643
2630,2624,2644
2631,2625,2647
2632,2626,2646
2633,2627,2649
2634,2628,2648
2635,2629,2650
2636,2630,2651
2637,2631,2652
2638,2632,2654
2639,2633,2655
2640,2634,2656
2641,2635,2657
2642,2636,2658
2643,2637,2659
2644,2638,2660
2645,2639,2661
2646,2640,2663
2647,2641,2662
2648,2642,2664
2649,2643,2666
2650,2644,2667
2651,2645,2665
2652,2646,2669
2653,2647,2668
2654,2648,2672
2655,2649,2671
2656,2650,2674
2657,2651,2675
2658,2652,2678
2659,2653,2680
2660,2654,2679
2661,2655,2680
2662,2656,2681
2663,2657,2684
2664,2658,2685
2665,2659,2686
2666,2660,2687
2667,2661,2688
2668,2662,2689
2669,2663,2690
2670,2664,2691
2671,2665,2694
2672,2666,2692
2673,2667,2693
2674,2668,2695
2675,2669,2697
2676,2670,2696
2677,2670,2698
2678,2671,2700
2679,2672,2699
2680,2673,2674
2681,2673,2701
2682,2674,2702
2683,2675,2703
2684,2676,2677
2685,2676,2703
2686,2677,2704
2687,2678,2705
2688,2679,2706
2689,2680,2707
2690,2681,2708
2691,2682,2683
2692,2682,2709
2693,2683,2710
2694,2684,2711
2695,2685,2712
2696,2686,2713
2697,2687,2714
2698,2688,2715
2699,2689,2716
2700,2690,2718
2701,2691,2720
2702,2692,2719
2703,2692,2724
2704,2693,2722
2705,2694,2723
2706,2695,2725
2707,2696,2727
2708,2697,2726
2709,2698,2728
2710,2699,2729
2711,2700,2730
2712,2701,2731
2713,2702,2732
2714,2703,2733
2715,2704,2734
2716,2705,2735
2717,2706,2737
2718,2707,2736
2719,2708,2738
2720,2709,2739
2721,2710,2740
2722,2711,2742
2723,2712,2741
2724,2713,2743
2725,2714,2744
2726,2715,2745
2727,2716,2746
2728,2717,2719
2729,2717,2749
2730,2718,2721
2731,2718,2747
2732,2720,2750
2733,2722,2752
2734,2723,2753
2735,2724,2751
2736,2725,2755
2737,2726,2754
2738,2727,2756
2739,2728,2757
2740,2729,2758
2741,2730,2759
2742,2731,2759
2743,2732,2760
2744,2733,2760
2745,2734,2761
2746,2735,2762
2747,2736,2763
2748,2737,2764
2749,2738,2765
2750,2739,2767
2751,2740,2768
2752,2741,2769
2753,2742,2770
2754,2743,2770
2755,2744,2771
2756,2745,2772
2757,2746,2773
2758,2747,2772
2759,2748,2749
2760,2748,2773
2761,2750,2774
2762,2751,2775
2763,2752,2776
2764,2753,2777
2765,2754,2778
2766,2754,2779
2767,2755,2756
2768,2757,2780
2769,2758,2780
2770,2760,2781
2771,2761,2782
2772,2762,2782
2773,2763,2785
2774,2764,2786
2775,2765,2766
2776,2766,2767
2777,2766,2787
2778,2768,2769
2779,2770,2788
2780,2771,2789
2781,2774,2777
2782,2775,2790
2783,2776,2790
2784,2779,2791
2785,2780,2792
2786,2781,2793
2787,2782,2794
2788,2783,2784
2789,2784,2794
2790,2785,2795
2791,2786,2796
2792,2787,2797
2793,2788,2798
2794,2789,2799
2795,2790,2800
2796,2791,2801
2797,2792,2802
2798,2794,2803
2799,2795,2804
2800,2798,2805
2801,2799,2806
2802,2800,2807
2803,2801,2808
2804,2802,2809
2805,2803,2810
2806,2804,2811
2807,2805,2812
2808,2806,2813
2809,2807,2814
2810,2808,2815
2811,2809,2816
2812,2810,2817
2813,2811,2818
2814,2812,2819
2815,2813,2820
2816,2814,2821
2817,2815,2822
2818,2816,2823
2819,2817,2824
2820,2818,2825
2821,2819,2826
2822,2820,2827
2823,2821,2828
2824,2822,2829
2825,2823,2830
2826,2824,2831
2827,2825,2832
2828,2826,2833
2829,2827,2834
2830,2828,2835
2831,2829,2836
2832,2830,2837
2833,2831,2838
2834,2832,2839
2835,2833,2841
2836,2834,2842
2837,2835,2843
2838,2836,2847
2839,2837,2848
2840,2838,2855
2841,2839,2857
2842,2840,2859
2843,2841,2860
2844,2842,2861
2845,2843,2864
2846,2843,2865
2847,2844,2845
2848,2844,2866
2849,2845,2846
2850,2846,2867
2851,2847,2868
2852,2848,2871
2853,2849,2850
2854,2849,2870
2855,2850,2872
2856,2851,2873
2857,2851,2874
2858,2852,2875
2859,2852,2876
2860,2853,2854
2861,2853,2877
2862,2854,2878
2863,2855,2881
2864,2856,2857
2865,2856,2882
2866,2857,2858
2867,2858,2883
2868,2859,2884
2869,2860,2885
2870,2861,2886
2871,2862,2863
2872,2862,2887
2873,2863,2888
2874,2864,2890
2875,2865,2889
2876,2866,2891
2877,2867,2892
2878,2868,2869
2879,2869,2895
2880,2870,2894
2881,2871,2896
2882,2872,2897
2883,2873,2898
2884,2874,2900
2885,2875,2899
2886,2876,2901
2887,2877,2902
2888,2878,2903
2889,2879,2880
2890,2879,2903
2891,2880,2904
2892,2881,2905
2893,2882,2904
2894,2883,2907
2895,2884,2906
2896,2885,2908
2897,2886,2909
2898,2887,2910
2899,2888,2911
2900,2889,2913
2901,2890,2912
2902,2891,2914
2903,2892,2893
2904,2894,2916
2905,2895,2916
2906,2896,2915
2907,2897,2918
2908,2898,2917
2909,2899,2919
2910,2900,2920
2911,2901,2922
2912,2902,2923
2913,2905,2924
2914,2906,2925
2915,2907,2926
2916,2908,2928
2917,2909,2929
2918,2910,2930
2919,2911,2931
2920,2912,2934
2921,2913,2933
2922,2914,2935
2923,2915,2937
2924,2916,2936
2925,2917,2938
2926,2918,2939
2927,2919,2939
2928,2920,2921
2929,2921,2923
2930,2922,2940
2931,2923,2941
2932,2924,2942
2933,2925,2943
2934,2926,2944
2935,2927,2945
2936,2928,2946
2937,2929,2947
2938,2930,2948
2939,2931,2949
2940,2932,2951
2941,2932,2952
2942,2933,2954
2943,2934,2953
2944,2935,2955
2945,2936,2957
2946,2937,2956
2947,2938,2958
2948,2939,2959
2949,2940,2960
2950,2941,2961
2951,2942,2962
2952,2943,2963
2953,2944,2964
2954,2945,2965
2955,2946,2966
2956,2947,2967
2957,2948,2968
2958,2949,2950
2959,2949,2969
2960,2950,2952
2961,2951,2970
2962,2953,2972
2963,2954,2971
2964,2955,2973
2965,2956,2975
2966,2957,2974
2967,2958,2976
2968,2959,2977
2969,2960,2978
2970,2961,2979
2971,2962,2980
2972,2963,2981
2973,2964,2982
2974,2965,2983
2975,2966,2985
2976,2967,2986
2977,2968,2987
2978,2969,2989
2979,2970,2988
2980,2971,2991
2981,2972,2990
2982,2973,2992
2983,2974,2994
2984,2975,2993
2985,2976,2995
2986,2977,2996
2987,2978,2997
2988,2979,2998
2989,2980,2999
2990,2981,3000
2991,2982,3001
2992,2983,3002
2993,2984,3003
2994,2985,3004
2995,2986,3005
2996,2987,3006
2997,2989,3007
2998,2990,3009
2999,2991,3010
3000,2992,3011
3001,2993,3013
3002,2994,3012
3003,2995,3014
3004,2996,3015
3005,2997,3016
3006,2998,3017
3007,2999,3018
3008,3000,3019
3009,3001,3020
3010,3002,3021
3011,3003,3022
3012,3004,3023
3013,3005,3024
3014,3006,3025
3015,3007,3026
3016,3008,3027
3017,3009,3028
3018,3010,3029
3019,3011,3030
3020,3012,3032
3021,3013,3031
3022,3014,3033
3023,3015,3034
3024,3016,3035
3025,3017,3036
3026,3018,3037
3027,3019,3038
3028,3020,3039
3029,3021,3040
3030,3022,3041
3031,3023,3042
3032,3024,3043
3033,3025,3044
3034,3026,3046
3035,3027,3045
3036,3028,3047
3037,3029,3048
3038,3030,3049
3039,3031,3051
3040,3032,3050
3041,3033,3052
3042,3034,3053
3043,3035,3054
3044,3036,3055
3045,3037,3056
3046,3038,3057
3047,3039,3058
3048,3040,3059
3049,3041,3060
3050,3042,3061
3051,3043,3062
3052,3044,3063
3053,3045,3065
3054,3046,3064
3055,3047,3066
3056,3048,3067
3057,3049,3068
3058,3050,3070
3059,3051,3069
3060,3052,3071
3061,3053,3072
3062,3054,3073
3063,3055,3074
3064,3056,3075
3065,3057,3076
3066,3058,3077
3067,3059,3078
3068,3060,3079
3069,3061,3080
3070,3062,3081
3071,3063,3082
3072,3064,3084
3073,3065,3083
3074,3066,3085
3075,3067,3086
3076,3068,3087
3077,3069,3089
3078,3070,3088
3079,3071,3090
3080,3072,3091
3081,3073,3092
3082,3074,3093
3083,3075,3094
3084,3076,3095
3085,3077,3096
3086,3078,3097
3087,3079,3098
3088,3080,3099
3089,3081,3100
3090,3082,3101
3091,3083,3103
3092,3084,3102
3093,3085,3104
3094,3086,3105
3095,3087,3107
3096,3088,3109
3097,3089,3108
3098,3090,3110
3099,3091,3111
3100,3092,3112
3101,3093,3113
3102,3094,3114
3103,3095,3115
3104,3096,3116
3105,3097,3117
3106,3098,3118
3107,3099,3119
3108,3100,3120
3109,3101,3121
3110,3102,3123
3111,3103,3122
3112,3104,3125
3113,3105,3124
3114,3106,3127
3115,3107,3126
3116,3108,3129
3117,3109,3128
3118,3110,3130
3119,3111,3131
3120,3112,3132
3121,3113,3133
3122,3114,3134
3123,3115,3135
3124,3116,3136
3125,3117,3137
3126,3118,3138
3127,3119,3139
3128,3120,3140
3129,3121,3141
3130,3122,3143
3131,3123,3142
3132,3124,3144
3133,3125,3145
3134,3126,3146
3135,3127,3147
3136,3128,3149
3137,3129,3148
3138,3130,3150
3139,3131,3151
3140,3132,3152
3141,3133,3153
3142,3134,3154
3143,3135,3155
3144,3136,3156
3145,3137,3157
3146,3138,3158
3147,3139,3159
3148,3140,3160
3149,3141,3161
3150,3142,3163
3151,3143,3162
3152,3144,3164
3153,3145,3165
3154,3146,3167
3155,3147,3166
3156,3148,3169
3157,3149,3168
3158,3150,3170
3159,3151,3171
3160,3152,3172
3161,3153,3173
3162,3154,3174
3163,3155,3175
3164,3156,3176
3165,3157,3177
3166,3158,3178
3167,3159,3179
3168,3160,3180
3169,3161,3181
3170,3162,3183
3171,3163,3182
3172,3164,3184
3173,3165,3185
3174,3166,3187
3175,3167,3186
3176,3168,3189
3177,3169,3188
3178,3170,3190
3179,3171,3191
3180,3172,3192
3181,3173,3193
3182,3174,3194
3183,3175,3195
3184,3176,3196
3185,3177,3197
3186,3178,3199
3187,3179,3200
3188,3180,3201
3189,3181,3203
3190,3182,3205
3191,3183,3204
3192,3184,3206
3193,3185,3207
3194,3186,3208
3195,3187,3209
3196,3188,3211
3197,3189,3210
3198,3190,3212
3199,3191,3213
3200,3192,3214
3201,3193,3215
3202,3194,3216
3203,3195,3217
3204,3196,3218
3205,3197,3219
3206,3198,3220
3207,3199,3220
3208,3200,3221
3209,3201,3222
3210,3202,3222
3211,3203,3224
3212,3204,3226
3213,3205,3225
3214,3206,3227
3215,3207,3228
3216,3208,3229
3217,3209,3230
3218,3210,3232
3219,3211,3231
3220,3212,3233
3221,3213,3234
3222,3214,3235
3223,3215,3236
3224,3216,3237
3225,3217,3238
3226,3218,3239
3227,3219,3241
3228,3220,3242
3229,3221,3243
3230,3222,3244
3231,3223,3245
3232,3224,3246
3233,3225,3248
3234,3226,3247
3235,3227,3249
3236,3228,3250
3237,3229,3251
3238,3230,3252
3239,3231,3254
3240,3232,3253
3241,3233,3255
3242,3234,3256
3243,3235,3257
3244,3236,3258
3245,3237,3259
3246,3238,3260
3247,3239,3261
3248,3240,3262
3249,3241,3263
3250,3242,3264
3251,3243,3265
3252,3244,3266
3253,3245,3267
3254,3246,3268
3255,3247,3269
3256,3248,3270
3257,3249,3271
3258,3250,3272
3259,3251,3273
3260,3252,3274
3261,3253,3276
3262,3254,3275
3263,3255,3277
3264,3256,3278
3265,3257,3280
3266,3258,3279
3267,3259,3281
3268,3260,3282
3269,3261,3283
3270,3262,3284
3271,3263,3285
3272,3264,3286
3273,3265,3287
3274,3266,3288
3275,3267,3289
3276,3268,3290
3277,3269,3291
3278,3270,3292
3279,3271,3294
3280,3272,3293
3281,3273,3295
3282,3274,3296
3283,3275,3298
3284,3276,3297
3285,3277,3299
3286,3278,3300
3287,3280,3301
3288,3281,3302
3289,3282,3303
3290,3283,3304
3291,3284,3305
3292,3285,3306
3293,3286,3307
3294,3287,3308
3295,3288,3309
3296,3289,3310
3297,3290,3311
3298,3291,3312
3299,3293,3314
3300,3294,3313
3301,3295,3315
3302,3296,3316
3303,3297,3318
3304,3298,3317
3305,3299,3319
3306,3300,3320
3307,3301,3321
3308,3302,3322
3309,3303,3323
3310,3304,3324
3311,3305,3325
3312,3306,3326
3313,3307,3327
3314,3308,3328
3315,3309,3329
3316,3310,3330
3317,3311,3331
3318,3312,3332
3319,3313,3333
3320,3314,3334
3321,3315,3335
3322,3316,3336
3323,3317,3338
3324,3318,3337
3325,3319,3339
3326,3320,3340
3327,3321,3341
3328,3322,3342
3329,3323,3343
3330,3324,3344
3331,3325,3346
3332,3326,3345
3333,3327,3347
3334,3328,3348
3335,3329,3349
3336,3330,3350
3337,3331,3351
3338,3332,3352
3339,3333,3353
3340,3334,3354
3341,3335,3356
3342,3336,3355
3343,3337,3358
3344,3338,3357
3345,3339,3359
3346,3340,3360
3347,3341,3361
3348,3342,3362
3349,3343,3364
3350,3344,3363
3351,3345,3366
3352,3346,3365
3353,3347,3367
3354,3348,3368
3355,3349,3369
3356,3350,3370
3357,3351,3371
3358,3352,3372
3359,3353,3373
3360,3354,3374
3361,3355,3376
3362,3356,3375
3363,3357,3378
3364,3358,3377
3365,3359,3379
3366,3360,3380
3367,3361,3381
3368,3362,3382
3369,3363,3384
3370,3364,3383
3371,3365,3385
3372,3366,3386
3373,3367,3387
3374,3368,3388
3375,3369,3389
3376,3370,3390
3377,3371,3391
3378,3372,3392
3379,3373,3393
3380,3374,3394
3381,3375,3395
3382,3376,3396
3383,3377,3398
3384,3378,3397
3385,3379,3399
3386,3380,3400
3387,3381,3401
3388,3382,3402
3389,3383,3403
3390,3384,3404
3391,3385,3405
3392,3386,3406
3393,3387,3407
3394,3388,3408
3395,3389,3410
3396,3390,3411
3397,3391,3412
3398,3392,3413
3399,3393,3414
3400,3394,3415
3401,3395,3417
3402,3396,3416
3403,3397,3419
3404,3398,3418
3405,3399,3420
3406,3400,3421
3407,3401,3422
3408,3402,3423
3409,3403,3424
3410,3404,3425
3411,3405,3426
3412,3406,3427
3413,3407,3428
3414,3408,3429
3415,3409,3430
3416,3410,3432
3417,3411,3434
3418,3412,3433
3419,3413,3435
3420,3414,3436
3421,3415,3437
3422,3416,3439
3423,3417,3438
3424,3418,3441
3425,3419,3440
3426,3420,3442
3427,3421,3443
3428,3422,3444
3429,3423,3445
3430,3424,3446
3431,3425,3447
3432,3426,3448
3433,3427,3449
3434,3428,3450
3435,3429,3451
3436,3430,3452
3437,3431,3453
3438,3432,3453
3439,3433,3454
3440,3434,3455
3441,3435,3456
3442,3436,3457
3443,3437,3458
3444,3438,3459
3445,3439,3460
3446,3440,3462
3447,3441,3461
3448,3442,3463
3449,3443,3464
3450,3444,3465
3451,3445,3466
3452,3446,3467
3453,3447,3468
3454,3448,3469
3455,3449,3470
3456,3450,3471
3457,3451,3473
3458,3452,3472
3459,3453,3474
3460,3454,3475
3461,3455,3476
3462,3456,3477
3463,3457,3478
3464,3458,3479
3465,3459,3480
3466,3460,3481
3467,3461,3483
3468,3462,3482
3469,3463,3484
3470,3464,3485
3471,3465,3486
3472,3466,3488
3473,3467,3489
3474,3468,3490
3475,3469,3491
3476,3470,3492
3477,3471,3493
3478,3472,3495
3479,3473,3494
3480,3474,3496
3481,3475,3498
3482,3476,3497
3483,3477,3499
3484,3478,3500
3485,3479,3501
3486,3480,3502
3487,3481,3503
3488,3482,3505
3489,3483,3504
3490,3484,3506
3491,3485,3507
3492,3486,3508
3493,3487,3509
3494,3488,3510
3495,3489,3511
3496,3490,3512
3497,3491,3513
3498,3492,3514
3499,3493,3515
3500,3494,3517
3501,3495,3516
3502,3496,3518
3503,3497,3519
3504,3498,3520
3505,3499,3521
3506,3500,3522
3507,3501,3523
3508,3502,3524
3509,3503,3525
3510,3504,3527
3511,3505,3526
3512,3506,3528
3513,3507,3529
3514,3508,3530
3515,3509,3531
3516,3510,3532
3517,3511,3533
3518,3512,3534
3519,3513,3535
3520,3514,3536
3521,3515,3537
3522,3516,3539
3523,3517,3538
3524,3518,3540
3525,3519,3541
3526,3520,3542
3527,3521,3543
3528,3522,3544
3529,3523,3545
3530,3524,3546
3531,3525,3547
3532,3526,3549
3533,3527,3548
3534,3528,3550
3535,3529,3551
3536,3530,3552
3537,3531,3553
3538,3532,3554
3539,3533,3555
3540,3534,3556
3541,3535,3557
3542,3536,3558
3543,3537,3559
3544,3538,3561
3545,3539,3560
3546,3540,3562
3547,3541,3563
3548,3542,3564
3549,3543,3565
3550,3544,3567
3551,3545,3566
3552,3546,3568
3553,3547,3569
3554,3548,3571
3555,3549,3570
3556,3550,3572
3557,3551,3573
3558,3552,3574
3559,3553,3575
3560,3554,3576
3561,3555,3577
3562,3556,3578
3563,3557,3579
3564,3558,3580
3565,3559,3581
3566,3560,3583
3567,3561,3582
3568,3562,3584
3569,3563,3585
3570,3564,3586
3571,3565,3587
3572,3566,3588
3573,3568,3589
3574,3569,3590
3575,3570,3592
3576,3571,3591
3577,3572,3593
3578,3573,3594
3579,3574,3595
3580,3575,3596
3581,3576,3597
3582,3577,3598
3583,3578,3599
3584,3579,3600
3585,3580,3601
3586,3581,3602
3587,3582,3604
3588,3583,3603
3589,3584,3605
3590,3585,3606
3591,3586,3607
3592,3587,3608
3593,3588,3609
3594,3589,3611
3595,3590,3610
3596,3591,3612
3597,3592,3613
3598,3593,3614
3599,3594,3615
3600,3595,3616
3601,3596,3617
3602,3597,3618
3603,3598,3619
3604,3599,3620
3605,3600,3621
3606,3601,3622
3607,3602,3623
3608,3603,3625
3609,3604,3624
3610,3605,3626
3611,3606,3627
3612,3607,3628
3613,3608,3629
3614,3609,3630
3615,3610,3632
3616,3611,3631
3617,3612,3633
3618,3613,3634
3619,3614,3635
3620,3615,3636
3621,3616,3637
3622,3617,3638
3623,3618,3639
3624,3619,3640
3625,3620,3641
3626,3621,3642
3627,3622,3643
3628,3623,3644
3629,3624,3646
3630,3625,3645
3631,3626,3647
3632,3627,3648
3633,3628,3649
3634,3629,3650
3635,3630,3651
3636,3631,3652
3637,3632,3653
3638,3633,3655
3639,3634,3656
3640,3635,3657
3641,3636,3659
3642,3637,3660
3643,3638,3661
3644,3639,3662
3645,3639,3663
3646,3640,3664
3647,3641,3665
3648,3642,3666
3649,3643,3667
3650,3644,3668
3651,3645,3669
3652,3646,3670
3653,3647,3671
3654,3647,3672
3655,3648,3673
3656,3649,3674
3657,3650,3676
3658,3651,3677
3659,3652,3679
3660,3653,3680
3661,3654,3678
3662,3654,3681
3663,3655,3682
3664,3656,3683
3665,3657,3658
3666,3657,3684
3667,3658,3685
3668,3659,3686
3669,3660,3687
3670,3661,3688
3671,3661,3689
3672,3662,3691
3673,3663,3692
3674,3664,3694
3675,3665,3695
3676,3666,3697
3677,3667,3696
3678,3668,3698
3679,3669,3698
3680,3669,3699
3681,3670,3700
3682,3671,3701
3683,3672,3702
3684,3673,3703
3685,3674,3704
3686,3675,3704
3687,3676,3705
3688,3677,3706
3689,3678,3709
3690,3679,3707
3691,3680,3708
3692,3681,3710
3693,3682,3711
3694,3683,3712
3695,3684,3713
3696,3685,3715
3697,3686,3714
3698,3687,3716
3699,3688,3717
3700,3689,3719
3701,3690,3691
3702,3690,3718
3703,3692,3721
3704,3693,3720
3705,3693,3722
3706,3694,3723
3707,3695,3724
3708,3696,3725
3709,3697,3726
3710,3698,3730
3711,3699,3732
3712,3700,3731
3713,3701,3733
3714,3702,3734
3715,3703,3735
3716,3704,3736
3717,3705,3737
3718,3706,3738
3719,3707,3741
3720,3708,3739
3721,3709,3740
3722,3710,3743
3723,3711,3745
3724,3712,3746
3725,3713,3747
3726,3714,3748
3727,3715,3749
3728,3716,3751
3729,3717,3750
3730,3718,3753
3731,3719,3754
3732,3720,3755
3733,3721,3756
3734,3723,3758
3735,3724,3759
3736,3725,3760
3737,3726,3761
3738,3727,3728
3739,3727,3762
3740,3728,3763
3741,3729,3763
3742,3729,3765
3743,3730,3764
3744,3731,3767
3745,3732,3768
3746,3733,3770
3747,3734,3771
3748,3735,3772
3749,3736,3771
3750,3737,3773
3751,3738,3775
3752,3739,3776
3753,3740,3742
3754,3741,3777
3755,3742,3777
3756,3743,3744
3757,3744,3745
3758,3746,3747
3759,3748,3778
3760,3749,3779
3761,3750,3780
3762,3751,3752
3763,3752,3753
3764,3754,3755
3765,3756,3757
3766,3757,3758
3767,3759,3760
3768,3759,3781
3769,3761,3782
3770,3762,3783
3771,3764,3784
3772,3765,3766
3773,3766,3767
3774,3768,3769
3775,3768,3785
3776,3769,3770
3777,3772,3786
3778,3773,3786
3779,3773,3787
3780,3774,3775
3781,3774,3788
3782,3776,3790
3783,3777,3789
3784,3778,3791
3785,3779,3780
3786,3779,3792
3787,3781,3793
3788,3782,3794
3789,3783,3794
3790,3784,3795
3791,3785,3796
3792,3786,3797
3793,3788,3798
3794,3790,3799
3795,3791,3800
3796,3792,3801
3797,3794,3802
3798,3795,3803
3799,3797,3804
3800,3799,3805
3801,3800,3806
3802,3801,3807
3803,3802,3808
3804,3803,3809
3805,3804,3810
3806,3805,3811
3807,3806,3812
3808,3807,3813
3809,3808,3814
3810,3809,3815
3811,3810,3816
3812,3811,3817
3813,3812,3818
3814,3813,3819
3815,3814,3820
3816,3815,3821
3817,3816,3822
3818,3817,3823
3819,3818,3824
3820,3819,3825
3821,3820,3826
3822,3821,3827
3823,3822,3828
3824,3823,3829
3825,3824,3831
3826,3825,3832
3827,3826,3833
3828,3827,3834
3829,3828,3835
3830,3829,3836
3831,3829,3837
3832,3830,3838
3833,3831,3840
3834,3832,3841
3835,3833,3846
3836,3834,3847
3837,3835,3850
3838,3836,3853
3839,3837,3854
3840,3838,3855
3841,3839,3855
3842,3839,3856
3843,3840,3859
3844,3841,3860
3845,3842,3863
3846,3842,3864
3847,3843,3844
3848,3843,3865
3849,3844,3866
3850,3845,3846
3851,3845,3867
3852,3847,3868
3853,3848,3869
3854,3848,3870
3855,3849,3871
3856,3849,3873
3857,3850,3872
3858,3851,3874
3859,3852,3853
3860,3854,3875
3861,3856,3876
3862,3857,3858
3863,3857,3877
3864,3858,3878
3865,3859,3879
3866,3860,3880
3867,3861,3862
3868,3861,3881
3869,3862,3882
3870,3863,3883
3871,3864,3884
3872,3865,3885
3873,3866,3886
3874,3867,3887
3875,3868,3888
3876,3869,3889
3877,3870,3890
3878,3871,3892
3879,3872,3894
3880,3873,3895
3881,3874,3896
3882,3875,3897
3883,3876,3898
3884,3877,3899
3885,3878,3900
3886,3879,3901
3887,3880,3902
3888,3881,3903
3889,3882,3905
3890,3883,3904
3891,3884,3906
3892,3885,3907
3893,3886,3909
3894,3887,3908
3895,3888,3910
3896,3889,3911
3897,3890,3891
3898,3890,3912
3899,3891,3893
3900,3892,3913
3901,3893,3914
3902,3894,3914
3903,3895,3915
3904,3896,3916
3905,3897,3917
3906,3898,3918
3907,3899,3919
3908,3900,3920
3909,3901,3921
3910,3902,3920
3911,3903,3922
3912,3904,3923
3913,3905,3924
3914,3906,3925
3915,3907,3926
3916,3908,3927
3917,3909,3928
3918,3910,3929
3919,3911,3930
3920,3912,3931
3921,3913,3932
3922,3915,3933
3923,3916,3934
3924,3917,3935
3925,3918,3936
3926,3919,3937
3927,3920,3938
3928,3921,3939
3929,3922,3940
3930,3923,3941
3931,3924,3942
3932,3925,3943
3933,3926,3944
3934,3927,3945
3935,3928,3946
3936,3929,3947
3937,3930,3948
3938,3931,3950
3939,3932,3949
3940,3933,3951
3941,3934,3953
3942,3935,3954
3943,3936,3956
3944,3937,3957
3945,3938,3958
3946,3939,3959
3947,3940,3960
3948,3941,3961
3949,3942,3962
3950,3943,3963
3951,3944,3964
3952,3945,3966
3953,3946,3965
3954,3947,3967
3955,3948,3968
3956,3949,3970
3957,3950,3969
3958,3951,3971
3959,3952,3972
3960,3953,3973
3961,3954,3974
3962,3955,3975
3963,3956,3976
3964,3957,3977
3965,3958,3978
3966,3959,3979
3967,3960,3980
3968,3961,3981
3969,3962,3982
3970,3963,3983
3971,3964,3984
3972,3965,3986
3973,3966,3985
3974,3967,3987
3975,3968,3988
3976,3969,3990
3977,3970,3989
3978,3971,3991
3979,3972,3993
3980,3973,3992
3981,3974,3994
3982,3975,3995
3983,3976,3996
3984,3977,3997
3985,3978,3999
3986,3979,4000
3987,3980,4001
3988,3981,4002
3989,3982,4003
3990,3983,4004
3991,3984,4005
3992,3985,4007
3993,3986,4006
3994,3987,4008
3995,3988,4009
3996,3989,4011
3997,3990,4010
3998,3991,4012
3999,3992,4013
4000,3993,4014
4001,3994,4016
4002,3995,4015
4003,3996,4017
4004,3997,4018
4005,3998,4020
4006,3999,4019
4007,4000,4020
4008,4001,4021
4009,4002,4022
4010,4003,4023
4011,4004,4024
4012,4005,4025
4013,4006,4027
4014,4007,4026
4015,4008,4028
4016,4009,4029
4017,4010,4031
4018,4011,4030
4019,4012,4032
4020,4013,4033
4021,4014,4034
4022,4015,4036
4023,4016,4035
4024,4017,4037
4025,4018,4038
4026,4019,4039
4027,4020,4040
4028,4021,4041
4029,4022,4042
4030,4023,4043
4031,4024,4044
4032,4025,4045
4033,4026,4047
4034,4027,4046
4035,4028,4048
4036,4029,4049
4037,4030,4051
4038,4031,4050
4039,4032,4052
4040,4033,4053
4041,4034,4054
4042,4035,4056
4043,4036,4055
4044,4037,4059
4045,4038,4058
4046,4039,4060
4047,4040,4061
4048,4041,4062
4049,4042,4063
4050,4043,4064
4051,4044,4065
4052,4045,4066
4053,4046,4068
4054,4047,4067
4055,4048,4069
4056,4049,4070
4057,4050,4072
4058,4051,4071
4059,4052,4073
4060,4053,4074
4061,4054,4075
4062,4055,4076
4063,4056,4077
4064,4057,4078
4065,4058,4080
4066,4059,4079
4067,4060,4081
4068,4061,4082
4069,4062,4083
4070,4062,4084
4071,4063,4085
4072,4064,4086
4073,4065,4087
4074,4066,4088
4075,4067,4090
4076,4068,4089
4077,4069,4091
4078,4070,4092
4079,4071,4094
4080,4072,4093
4081,4073,4095
4082,4074,4097
4083,4075,4096
4084,4076,4098
4085,4077,4099
4086,4078,4100
4087,4079,4100
4088,4080,4101
4089,4081,4102
4090,4082,4103
4091,4083,4104
4092,4085,4106
4093,4086,4105
4094,4087,4107
4095,4088,4108
4096,4089,4110
4097,4090,4109
4098,4091,4111
4099,4092,4112
4100,4093,4113
4101,4094,4114
4102,4095,4115
4103,4096,4116
4104,4097,4117
4105,4098,4118
4106,4099,4119
4107,4100,4120
4108,4101,4121
4109,4102,4122
4110,4103,4123
4111,4105,4125
4112,4106,4124
4113,4107,4126
4114,4108,4127
4115,4109,4129
4116,4110,4128
4117,4111,4130
4118,4112,4131
4119,4113,4132
4120,4114,4133
4121,4115,4134
4122,4116,4135
4123,4117,4136
4124,4118,4137
4125,4119,4138
4126,4120,4140
4127,4121,4139
4128,4122,4141
4129,4123,4142
4130,4124,4144
4131,4125,4143
4132,4126,4145
4133,4127,4146
4134,4128,4148
4135,4129,4147
4136,4130,4149
4137,4131,4150
4138,4132,4151
4139,4133,4152
4140,4134,4153
4141,4135,4154
4142,4136,4155
4143,4137,4156
4144,4138,4157
4145,4139,4159
4146,4140,4158
4147,4141,4160
4148,4142,4161
4149,4143,4164
4150,4144,4163
4151,4145,4165
4152,4146,4166
4153,4147,4168
4154,4148,4167
4155,4149,4169
4156,4150,4170
4157,4151,4171
4158,4152,4172
4159,4153,4173
4160,4154,4174
4161,4155,4175
4162,4156,4176
4163,4157,4177
4164,4158,4179
4165,4159,4178
4166,4160,4180
4167,4161,4181
4168,4162,4182
4169,4163,4184
4170,4164,4183
4171,4165,4185
4172,4166,4186
4173,4167,4188
4174,4168,4187
4175,4169,4189
4176,4170,4190
4177,4171,4191
4178,4172,4192
4179,4173,4193
4180,4174,4194
4181,4175,4195
4182,4176,4196
4183,4177,4197
4184,4178,4199
4185,4179,4198
4186,4180,4200
4187,4181,4201
4188,4182,4202
4189,4183,4204
4190,4184,4203
4191,4185,4205
4192,4186,4206
4193,4187,4208
4194,4188,4207
4195,4189,4209
4196,4190,4210
4197,4191,4211
4198,4192,4212
4199,4193,4213
4200,4194,4214
4201,4195,4215
4202,4196,4216
4203,4197,4217
4204,4198,4219
4205,4199,4218
4206,4200,4220
4207,4201,4221
4208,4202,4222
4209,4203,4223
4210,4204,4224
4211,4205,4225
4212,4206,4226
4213,4207,4228
4214,4208,4227
4215,4209,4229
4216,4210,4230
4217,4211,4231
4218,4212,4232
4219,4213,4233
4220,4214,4235
4221,4215,4234
4222,4216,4236
4223,4217,4237
4224,4218,4239
4225,4219,4238
4226,4220,4240
4227,4221,4241
4228,4222,4242
4229,4223,4243
4230,4224,4244
4231,4225,4245
4232,4226,4246
4233,4227,4247
4234,4228,4248
4235,4229,4249
4236,4230,4250
4237,4231,4251
4238,4232,4252
4239,4233,4253
4240,4234,4254
4241,4235,4255
4242,4236,4256
4243,4237,4257
4244,4238,4259
4245,4239,4258
4246,4240,4260
4247,4241,4261
4248,4242,4262
4249,4243,4263
4250,4244,4264
4251,4245,4266
4252,4246,4265
4253,4248,4267
4254,4249,4268
4255,4250,4269
4256,4251,4270
4257,4252,4271
4258,4253,4272
4259,4254,4273
4260,4255,4274
4261,4256,4275
4262,4257,4276
4263,4258,4278
4264,4259,4277
4265,4260,4279
4266,4261,4280
4267,4262,4281
4268,4263,4282
4269,4264,4283
4270,4265,4285
4271,4266,4284
4272,4267,4286
4273,4268,4287
4274,4269,4288
4275,4270,4289
4276,4271,4290
4277,4272,4291
4278,4273,4292
4279,4274,4293
4280,4275,4294
4281,4276,4295
4282,4277,4297
4283,4278,4298
4284,4279,4299
4285,4280,4300
4286,4281,4301
4287,4282,4302
4288,4283,4303
4289,4284,4304
4290,4285,4305
4291,4286,4306
4292,4287,4307
4293,4288,4308
4294,4289,4309
4295,4290,4310
4296,4291,4311
4297,4292,4313
4298,4293,4312
4299,4294,4314
4300,4295,4315
4301,4296,4316
4302,4297,4316
4303,4298,4317
4304,4299,4318
4305,4300,4319
4306,4301,4320
4307,4302,4321
4308,4303,4322
4309,4304,4323
4310,4305,4324
4311,4306,4325
4312,4307,4326
4313,4308,4327
4314,4309,4329
4315,4310,4328
4316,4311,4330
4317,4312,4331
4318,4313,4332
4319,4314,4334
4320,4315,4333
4321,4316,4335
4322,4317,4336
4323,4318,4337
4324,4319,4338
4325,4320,4339
4326,4321,4341
4327,4322,4340
4328,4323,4342
4329,4324,4343
4330,4325,4344
4331,4326,4345
4332,4327,4346
4333,4328,4348
4334,4329,4347
4335,4330,4349
4336,4331,4350
4337,4332,4351
4338,4333,4353
4339,4334,4352
4340,4335,4354
4341,4336,4355
4342,4337,4356
4343,4338,4357
4344,4339,4358
4345,4340,4360
4346,4341,4359
4347,4342,4361
4348,4343,4362
4349,4344,4363
4350,4345,4364
4351,4346,4365
4352,4347,4366
4353,4348,4367
4354,4349,4368
4355,4350,4370
4356,4351,4369
4357,4352,4371
4358,4353,4372
4359,4354,4374
4360,4355,4373
4361,4356,4375
4362,4357,4376
4363,4358,4377
4364,4359,4379
4365,4360,4378
4366,4361,4380
4367,4362,4381
4368,4363,4382
4369,4364,4383
4370,4365,4384
4371,4366,4385
4372,4367,4386
4373,4368,4387
4374,4369,4388
4375,4370,4389
4376,4371,4390
4377,4372,4391
4378,4373,4394
4379,4374,4393
4380,4375,4395
4381,4376,4396
4382,4377,4397
4383,4378,4400
4384,4379,4399
4385,4380,4401
4386,4381,4402
4387,4382,4403
4388,4383,4404
4389,4384,4405
4390,4385,4407
4391,4386,4406
4392,4387,4408
4393,4388,4409
4394,4389,4410
4395,4390,4412
4396,4391,4411
4397,4392,4412
4398,4393,4414
4399,4394,4413
4400,4395,4415
4401,4396,4416
4402,4397,4417
4403,4398,4417
4404,4399,4419
4405,4400,4418
4406,4401,4420
4407,4402,4421
4408,4403,4422
4409,4404,4424
4410,4405,4425
4411,4406,4427
4412,4407,4426
4413,4408,4428
4414,4409,4429
4415,4410,4430
4416,4411,4431
4417,4412,4432
4418,4413,4434
4419,4414,4433
4420,4415,4435
4421,4416,4436
4422,4417,4437
4423,4418,4439
4424,4419,4438
4425,4420,4440
4426,4421,4441
4427,4422,4442
4428,4423,4443
4429,4424,4444
4430,4425,4445
4431,4426,4446
4432,4427,4447
4433,4428,4448
4434,4429,4449
4435,4430,4450
4436,4431,4452
4437,4432,4451
4438,4433,4454
4439,4434,4453
4440,4435,4455
4441,4436,4456
4442,4437,4457
4443,4438,4459
4444,4439,4458
4445,4440,4460
4446,4441,4461
4447,4442,4462
4448,4443,4463
4449,4444,4464
4450,4445,4465
4451,4446,4466
4452,4447,4467
4453,4448,4468
4454,4449,4469
4455,4450,4470
4456,4451,4471
4457,4452,4472
4458,4453,4474
4459,4454,4473
4460,4455,4475
4461,4456,4476
4462,4457,4477
4463,4458,4479
4464,4459,4478
4465,4460,4480
4466,4461,4481
4467,4462,4482
4468,4463,4483
4469,4464,4484
4470,4465,4485
4471,4466,4487
4472,4467,4486
4473,4468,4488
4474,4469,4489
4475,4470,4490
4476,4471,4491
4477,4472,4492
4478,4473,4493
4479,4474,4494
4480,4475,4495
4481,4476,4496
4482,4477,4497
4483,4478,4498
4484,4479,4499
4485,4480,4500
4486,4481,4501
4487,4482,4502
4488,4483,4503
4489,4484,4504
4490,4485,4505
4491,4486,4507
4492,4487,4506
4493,4488,4508
4494,4489,4509
4495,4490,4510
4496,4491,4512
4497,4492,4511
4498,4493,4514
4499,4494,4515
4500,4495,4516
4501,4496,4517
4502,4497,4518
4503,4498,4519
4504,4499,4520
4505,4500,4521
4506,4501,4522
4507,4502,4523
4508,4503,4524
4509,4504,4525
4510,4505,4526
4511,4506,4528
4512,4507,4527
4513,4508,4529
4514,4509,4530
4515,4510,4531
4516,4511,4533
4517,4512,4532
4518,4513,4534
4519,4514,4534
4520,4515,4535
4521,4516,4536
4522,4517,4537
4523,4518,4538
4524,4519,4540
4525,4520,4539
4526,4521,4541
4527,4522,4542
4528,4523,4543
4529,4524,4544
4530,4525,4545
4531,4526,4546
4532,4527,4548
4533,4528,4547
4534,4529,4549
4535,4530,4551
4536,4531,4550
4537,4532,4553
4538,4533,4552
4539,4534,4554
4540,4535,4555
4541,4536,4556
4542,4537,4557
4543,4538,4558
4544,4539,4560
4545,4540,4559
4546,4541,4561
4547,4542,4562
4548,4543,4563
4549,4544,4564
4550,4545,4565
4551,4546,4566
4552,4547,4568
4553,4548,4567
4554,4549,4569
4555,4550,4570
4556,4551,4571
4557,4552,4573
4558,4553,4572
4559,4554,4575
4560,4555,4574
4561,4556,4576
4562,4557,4577
4563,4558,4578
4564,4559,4579
4565,4560,4580
4566,4561,4581
4567,4562,4582
4568,4563,4583
4569,4564,4584
4570,4565,4585
4571,4566,4586
4572,4567,4588
4573,4568,4587
4574,4569,4589
4575,4570,4590
4576,4571,4591
4577,4572,4593
4578,4573,4592
4579,4574,4595
4580,4575,4594
4581,4576,4596
4582,4577,4597
4583,4578,4598
4584,4579,4599
4585,4580,4600
4586,4581,4601
4587,4582,4602
4588,4583,4603
4589,4584,4604
4590,4585,4605
4591,4586,4606
4592,4587,4608
4593,4588,4607
4594,4589,4609
4595,4590,4610
4596,4591,4611
4597,4592,4612
4598,4593,4613
4599,4594,4615
4600,4595,4614
4601,4596,4616
4602,4597,4617
4603,4598,4619
4604,4599,4620
4605,4600,4621
4606,4601,4622
4607,4602,4623
4608,4603,4624
4609,4604,4625
4610,4605,4626
4611,4606,4628
4612,4607,4630
4613,4608,4629
4614,4609,4631
4615,4610,4632
4616,4611,4633
4617,4612,4635
4618,4613,4634
4619,4614,4639
4620,4615,4638
4621,4616,4641
4622,4617,4640
4623,4617,4642
4624,4618,4643
4625,4618,4644
4626,4619,4644
4627,4620,4648
4628,4621,4647
4629,4622,4649
4630,4623,4650
4631,4624,4651
4632,4625,4652
4633,4626,4654
4634,4627,4653
4635,4627,4655
4636,4628,4656
4637,4629,4657
4638,4630,4658
4639,4631,4659
4640,4632,4660
4641,4633,4661
4642,4634,4663
4643,4635,4662
4644,4636,4664
4645,4636,4665
4646,4637,4665
4647,4637,4666
4648,4638,4667
4649,4639,4668
4650,4640,4669
4651,4641,4670
4652,4642,4671
4653,4643,4672
4654,4644,4674
4655,4645,4646
4656,4645,4673
4657,4646,4675
4658,4647,4677
4659,4648,4676
4660,4649,4678
4661,4650,4679
4662,4651,4680
4663,4652,4681
4664,4653,4682
4665,4654,4683
4666,4655,4684
4667,4656,4686
4668,4657,4689
4669,4658,4688
4670,4659,4691
4671,4660,4692
4672,4661,4693
4673,4662,4695
4674,4663,4694
4675,4664,4696
4676,4666,4698
4677,4667,4700
4678,4668,4699
4679,4669,4701
4680,4670,4702
4681,4671,4704
4682,4672,4703
4683,4673,4706
4684,4674,4707
4685,4675,4708
4686,4676,4709
4687,4677,4710
4688,4678,4712
4689,4679,4711
4690,4680,4713
4691,4681,4714
4692,4682,4716
4693,4683,4717
4694,4684,4720
4695,4685,4719
4696,4685,4721
4697,4686,4722
4698,4687,4723
4699,4687,4724
4700,4688,4725
4701,4689,4726
4702,4690,4726
4703,4690,4727
4704,4691,4728
4705,4692,4730
4706,4693,4731
4707,4694,4732
4708,4694,4733
4709,4695,4697
4710,4696,4697
4711,4698,4734
4712,4699,4735
4713,4700,4701
4714,4702,4703
4715,4704,4705
4716,4705,4706
4717,4706,4736
4718,4707,4737
4719,4708,4738
4720,4709,4739
4721,4710,4740
4722,4711,4740
4723,4712,4741
4724,4713,4742
4725,4714,4715
4726,4715,4716
4727,4716,4743
4728,4717,4718
4729,4718,4719
4730,4720,4744
4731,4721,4723
4732,4721,4745
4733,4722,4744
4734,4724,4746
4735,4725,4746
4736,4727,4747
4737,4728,4729
4738,4729,4748
4739,4730,4749
4740,4731,4749
4741,4733,4750
4742,4734,4751
4743,4735,4751
4744,4736,4752
4745,4738,4753
4746,4739,4753
4747,4740,4754
4748,4741,4755
4749,4742,4756
4750,4743,4757
4751,4744,4758
4752,4746,4759
4753,4748,4760
4754,4749,4761
4755,4750,4762
4756,4751,4763
4757,4753,4764
4758,4754,4765
4759,4758,4766
4760,4759,4767
4761,4761,4768
4762,4762,4769
4763,4763,4770
4764,4764,4771
4765,4765,4772
4766,4766,4773
4767,4767,4774
4768,4768,4775
4769,4769,4776
4770,4770,4777
4771,4771,4778
4772,4772,4779
4773,4773,4780
4774,4774,4781
4775,4775,4782
4776,4776,4783
4777,4777,4784
4778,4778,4785
4779,4779,4786
4780,4780,4787
4781,4781,4789
4782,4782,4790
4783,4783,4791
4784,4784,4792
4785,4785,4793
4786,4786,4794
4787,4787,4795
4788,4788,4796
4789,4789,4797
4790,4790,4799
4791,4791,4800
4792,4792,4801
4793,4793,4802
4794,4794,4803
4795,4795,4804
4796,4796,4804
4797,4797,4805
4798,4798,4806
4799,4799,4807
4800,4800,4809
4801,4801,4811
4802,4801,4812
4803,4802,4815
4804,4803,4817
4805,4804,4822
4806,4805,4823
4807,4806,4824
4808,4807,4826
4809,4808,4827
4810,4808,4828
4811,4809,4830
4812,4810,4829
4813,4810,4832
4814,4811,4832
4815,4812,4833
4816,4813,4834
4817,4813,4835
4818,4814,4840
4819,4814,4841
4820,4815,4842
4821,4816,4842
4822,4817,4843
4823,4817,4844
4824,4818,4845
4825,4819,4820
4826,4819,4846
4827,4820,4847
4828,4821,4850
4829,4821,4851
4830,4822,4852
4831,4823,4853
4832,4824,4855
4833,4825,4826
4834,4825,4861
4835,4826,4862
4836,4827,4863
4837,4828,4865
4838,4829,4864
4839,4830,4866
4840,4831,4866
4841,4831,4868
4842,4833,4869
4843,4834,4867
4844,4835,4870
4845,4836,4837
4846,4836,4871
4847,4837,4873
4848,4838,4839
4849,4838,4872
4850,4839,4874
4851,4840,4875
4852,4841,4876
4853,4842,4879
4854,4843,4880
4855,4844,4882
4856,4845,4881
4857,4846,4883
4858,4847,4884
4859,4848,4849
4860,4848,4884
4861,4849,4885
4862,4850,4885
4863,4851,4886
4864,4852,4887
4865,4853,4888
4866,4854,4889
4867,4855,4891
4868,4856,4857
4869,4856,4890
4870,4857,4858
4871,4858,4892
4872,4859,4860
4873,4859,4892
4874,4860,4894
4875,4861,4894
4876,4862,4893
4877,4863,4895
4878,4864,4865
4879,4867,4896
4880,4868,4896
4881,4869,4897
4882,4870,4898
4883,4871,4899
4884,4872,4900
4885,4873,4901
4886,4874,4902
4887,4875,4903
4888,4876,4877
4889,4877,4878
4890,4878,4905
4891,4879,4904
4892,4880,4905
4893,4881,4906
4894,4882,4907
4895,4883,4908
4896,4886,4909
4897,4887,4910
4898,4888,4911
4899,4889,4911
4900,4890,4913
4901,4891,4912
4902,4893,4914
4903,4895,4915
4904,4896,4916
4905,4897,4917
4906,4898,4919
4907,4899,4918
4908,4900,4919
4909,4901,4920
4910,4902,4921
4911,4903,4920
4912,4904,4922
4913,4905,4923
4914,4906,4924
4915,4907,4925
4916,4908,4926
4917,4909,4927
4918,4910,4928
4919,4911,4929
4920,4912,4931
4921,4913,4930
4922,4914,4932
4923,4915,4933
4924,4916,4934
4925,4917,4935
4926,4918,4936
4927,4919,4937
4928,4921,4938
4929,4922,4940
4930,4923,4939
4931,4924,4941
4932,4925,4942
4933,4926,4943
4934,4927,4944
4935,4928,4945
4936,4929,4946
4937,4930,4948
4938,4931,4947
4939,4932,4949
4940,4933,4950
4941,4934,4951
4942,4935,4952
4943,4936,4953
4944,4937,4954
4945,4938,4955
4946,4939,4957
4947,4940,4956
4948,4941,4958
4949,4942,4959
4950,4943,4960
4951,4944,4961
4952,4945,4962
4953,4946,4963
4954,4947,4965
4955,4948,4964
4956,4949,4966
4957,4950,4967
4958,4951,4968
4959,4952,4969
4960,4953,4970
4961,4954,4971
4962,4955,4972
4963,4956,4974
4964,4957,4973
4965,4958,4975
4966,4959,4976
4967,4960,4977
4968,4961,4978
4969,4962,4979
4970,4963,4980
4971,4964,4983
4972,4965,4982
4973,4966,4984
4974,4967,4985
4975,4968,4986
4976,4969,4987
4977,4970,4988
4978,4971,4989
4979,4972,4990
4980,4973,4992
4981,4974,4991
4982,4975,4993
4983,4976,4994
4984,4977,4995
4985,4978,4997
4986,4979,4998
4987,4980,4999
4988,4981,5002
4989,4982,5000
4990,4983,5001
4991,4984,5003
4992,4985,5004
4993,4986,5005
4994,4987,5006
4995,4988,5007
4996,4989,5008
4997,4990,5009
4998,4991,5010
4999,4992,5011
5000,4993,5012
5001,4994,5013
5002,4995,5014
5003,4996,5015
5004,4997,5016
5005,4998,5017
5006,4999,5018
5007,5000,5019
5008,5001,5020
5009,5002,5021
5010,5003,5022
5011,5004,5023
5012,5005,5024
5013,5006,5025
5014,5007,5026
5015,5008,5027
5016,5009,5028
5017,5010,5029
5018,5011,5030
5019,5012,5031
5020,5013,5032
5021,5014,5033
5022,5015,5034
5023,5016,5035
5024,5017,5036
5025,5018,5037
5026,5019,5038
5027,5020,5039
5028,5021,5040
5029,5022,5041
5030,5023,5042
5031,5024,5043
5032,5025,5044
5033,5026,5045
5034,5027,5046
5035,5028,5047
5036,5029,5049
5037,5030,5048
5038,5031,5050
5039,5032,5051
5040,5033,5052
5041,5034,5053
5042,5035,5054
5043,5036,5055
5044,5037,5056
5045,5038,5058
5046,5039,5057
5047,5040,5059
5048,5041,5060
5049,5042,5061
5050,5043,5062
5051,5044,5063
5052,5045,5064
5053,5046,5065
5054,5047,5066
5055,5048,5068
5056,5049,5067
5057,5050,5069
5058,5051,5070
5059,5052,5071
5060,5053,5072
5061,5054,5073
5062,5055,5074
5063,5056,5075
5064,5057,5077
5065,5058,5076
5066,5059,5078
5067,5060,5079
5068,5061,5080
5069,5062,5081
5070,5063,5082
5071,5064,5083
5072,5065,5084
5073,5066,5085
5074,5067,5086
5075,5068,5087
5076,5069,5088
5077,5070,5089
5078,5071,5090
5079,5072,5091
5080,5073,5092
5081,5074,5093
5082,5075,5094
5083,5076,5096
5084,5077,5095
5085,5078,5097
5086,5079,5098
5087,5080,5099
5088,5081,5100
5089,5082,5101
5090,5083,5102
5091,5084,5103
5092,5085,5104
5093,5086,5105
5094,5087,5106
5095,5088,5107
5096,5089,5108
5097,5090,5109
5098,5091,5110
5099,5092,5111
5100,5093,5112
5101,5094,5113
5102,5095,5114
5103,5096,5115
5104,5097,5116
5105,5098,5117
5106,5099,5118
5107,5100,5119
5108,5101,5120
5109,5102,5121
5110,5103,5122
5111,5104,5123
5112,5105,5124
5113,5106,5125
5114,5107,5126
5115,5108,5127
5116,5109,5128
5117,5110,5129
5118,5111,5130
5119,5112,5131
5120,5113,5132
5121,5114,5134
5122,5115,5133
5123,5116,5135
5124,5117,5136
5125,5118,5137
5126,5119,5138
5127,5120,5139
5128,5121,5140
5129,5122,5141
5130,5123,5142
5131,5124,5143
5132,5125,5144
5133,5126,5145
5134,5127,5146
5135,5128,5147
5136,5129,5148
5137,5130,5149
5138,5131,5150
5139,5132,5151
5140,5133,5153
5141,5134,5152
5142,5135,5154
5143,5136,5155
5144,5137,5157
5145,5138,5158
5146,5139,5159
5147,5140,5160
5148,5141,5161
5149,5142,5162
5150,5143,5163
5151,5144,5164
5152,5145,5165
5153,5146,5166
5154,5147,5167
5155,5148,5168
5156,5149,5169
5157,5150,5170
5158,5151,5171
5159,5152,5173
5160,5153,5172
5161,5154,5174
5162,5155,5175
5163,5156,5176
5164,5157,5177
5165,5158,5178
5166,5159,5179
5167,5160,5180
5168,5161,5181
5169,5162,5182
5170,5163,5183
5171,5164,5184
5172,5165,5185
5173,5166,5186
5174,5167,5187
5175,5168,5188
5176,5169,5189
5177,5170,5190
5178,5171,5191
5179,5172,5193
5180,5173,5192
5181,5174,5194
5182,5175,5195
5183,5176,5196
5184,5177,5197
5185,5178,5198
5186,5179,5199
5187,5180,5200
5188,5181,5201
5189,5182,5202
5190,5183,5203
5191,5184,5204
5192,5185,5205
5193,5186,5206
5194,5187,5207
5195,5188,5208
5196,5189,5209
5197,5190,5210
5198,5191,5211
5199,5192,5212
5200,5193,5213
5201,5194,5214
5202,5195,5215
5203,5196,5216
5204,5197,5217
5205,5198,5218
5206,5199,5219
5207,5200,5220
5208,5201,5221
5209,5202,5222
5210,5203,5223
5211,5204,5224
5212,5205,5225
5213,5206,5226
5214,5207,5227
5215,5208,5228
5216,5209,5229
5217,5210,5230
5218,5211,5231
5219,5212,5232
5220,5213,5233
5221,5214,5234
5222,5215,5235
5223,5216,5236
5224,5217,5237
5225,5218,5238
5226,5219,5239
5227,5220,5240
5228,5221,5241
5229,5222,5242
5230,5223,5243
5231,5224,5244
5232,5225,5245
5233,5226,5246
5234,5227,5247
5235,5228,5248
5236,5229,5249
5237,5230,5250
5238,5231,5251
5239,5232,5252
5240,5233,5253
5241,5234,5254
5242,5235,5255
5243,5236,5256
5244,5237,5257
5245,5238,5258
5246,5239,5259
5247,5240,5260
5248,5241,5261
5249,5242,5262
5250,5243,5263
5251,5244,5264
5252,5245,5265
5253,5246,5266
5254,5247,5267
5255,5248,5268
5256,5249,5269
5257,5250,5270
5258,5251,5271
5259,5252,5273
5260,5253,5272
5261,5254,5274
5262,5255,5275
5263,5256,5276
5264,5257,5277
5265,5258,5278
5266,5259,5279
5267,5260,5280
5268,5261,5281
5269,5262,5282
5270,5263,5284
5271,5264,5283
5272,5265,5285
5273,5266,5286
5274,5267,5287
5275,5268,5288
5276,5269,5289
5277,5270,5290
5278,5271,5291
5279,5272,5293
5280,5273,5292
5281,5274,5294
5282,5275,5295
5283,5276,5297
5284,5277,5296
5285,5278,5298
5286,5279,5299
5287,5280,5300
5288,5281,5301
5289,5282,5302
5290,5283,5304
5291,5284,5303
5292,5285,5306
5293,5286,5305
5294,5287,5307
5295,5288,5308
5296,5289,5309
5297,5290,5310
5298,5291,5311
5299,5292,5313
5300,5293,5312
5301,5294,5314
5302,5296,5316
5303,5297,5315
5304,5298,5317
5305,5299,5318
5306,5300,5319
5307,5301,5320
5308,5302,5321
5309,5303,5322
5310,5304,5323
5311,5305,5325
5312,5306,5324
5313,5307,5326
5314,5308,5327
5315,5309,5328
5316,5310,5329
5317,5311,5330
5318,5312,5332
5319,5313,5331
5320,5314,5333
5321,5315,5335
5322,5316,5334
5323,5317,5336
5324,5318,5337
5325,5319,5338
5326,5320,5339
5327,5321,5340
5328,5322,5341
5329,5323,5342
5330,5324,5343
5331,5325,5344
5332,5326,5345
5333,5327,5346
5334,5328,5347
5335,5329,5348
5336,5330,5349
5337,5331,5351
5338,5332,5350
5339,5333,5352
5340,5334,5354
5341,5335,5353
5342,5336,5355
5343,5337,5356
5344,5338,5357
5345,5339,5358
5346,5340,5359
5347,5341,5360
5348,5342,5361
5349,5343,5362
5350,5344,5363
5351,5345,5364
5352,5346,5365
5353,5347,5366
5354,5348,5367
5355,5349,5368
5356,5350,5370
5357,5351,5369
5358,5352,5371
5359,5353,5373
5360,5354,5372
5361,5355,5374
5362,5356,5375
5363,5357,5376
5364,5358,5377
5365,5359,5378
5366,5360,5379
5367,5361,5380
5368,5362,5381
5369,5363,5382
5370,5364,5383
5371,5365,5384
5372,5366,5385
5373,5367,5386
5374,5368,5387
5375,5369,5389
5376,5370,5388
5377,5371,5390
5378,5372,5391
5379,5373,5392
5380,5374,5393
5381,5375,5394
5382,5376,5395
5383,5377,5396
5384,5378,5397
5385,5379,5398
5386,5380,5399
5387,5381,5400
5388,5382,5401
5389,5383,5403
5390,5384,5404
5391,5385,5406
5392,5386,5407
5393,5387,5408
5394,5388,5411
5395,5389,5410
5396,5390,5409
5397,5391,5412
5398,5392,5413
5399,5393,5414
5400,5394,5415
5401,5395,5416
5402,5396,5417
5403,5397,5418
5404,5398,5419
5405,5399,5420
5406,5400,5421
5407,5401,5422
5408,5402,5423
5409,5403,5424
5410,5404,5425
5411,5405,5426
5412,5406,5427
5413,5407,5428
5414,5408,5429
5415,5409,5431
5416,5410,5430
5417,5411,5432
5418,5412,5434
5419,5413,5433
5420,5414,5435
5421,5415,5436
5422,5416,5437
5423,5417,5438
5424,5418,5439
5425,5419,5440
5426,5420,5441
5427,5421,5442
5428,5422,5443
5429,5423,5444
5430,5424,5445
5431,5425,5446
5432,5426,5447
5433,5427,5448
5434,5428,5449
5435,5429,5450
5436,5430,5452
5437,5431,5453
5438,5432,5451
5439,5433,5454
5440,5434,5455
5441,5435,5456
5442,5436,5457
5443,5437,5458
5444,5438,5459
5445,5439,5460
5446,5440,5461
5447,5441,5462
5448,5442,5463
5449,5443,5464
5450,5444,5465
5451,5445,5466
5452,5446,5467
5453,5447,5468
5454,5448,5469
5455,5449,5470
5456,5450,5471
5457,5451,5473
5458,5452,5472
5459,5453,5474
5460,5454,5475
5461,5455,5476
5462,5456,5477
5463,5457,5478
5464,5458,5479
5465,5459,5480
5466,5460,5481
5467,5461,5482
5468,5462,5483
5469,5463,5484
5470,5464,5485
5471,5465,5487
5472,5466,5486
5473,5467,5488
5474,5468,5489
5475,5469,5490
5476,5470,5491
5477,5471,5492
5478,5472,5495
5479,5473,5493
5480,5474,5496
5481,5475,5497
5482,5476,5498
5483,5477,5499
5484,5478,5500
5485,5479,5501
5486,5480,5502
5487,5481,5503
5488,5482,5504
5489,5483,5505
5490,5484,5506
5491,5485,5507
5492,5486,5509
5493,5487,5508
5494,5488,5510
5495,5489,5511
5496,5490,5512
5497,5491,5513
5498,5492,5514
5499,5493,5517
5500,5494,5515
5501,5495,5516
5502,5496,5518
5503,5497,5519
5504,5498,5520
5505,5499,5521
5506,5500,5522
5507,5501,5523
5508,5502,5524
5509,5503,5525
5510,5504,5527
5511,5505,5526
5512,5506,5528
5513,5507,5529
5514,5508,5531
5515,5509,5530
5516,5510,5532
5517,5511,5533
5518,5512,5534
5519,5513,5535
5520,5514,5536
5521,5515,5537
5522,5516,5539
5523,5517,5538
5524,5518,5540
5525,5519,5542
5526,5520,5541
5527,5521,5543
5528,5522,5544
5529,5523,5545
5530,5524,5546
5531,5525,5547
5532,5526,5549
5533,5527,5548
5534,5528,5550
5535,5529,5551
5536,5530,5553
5537,5531,5552
5538,5532,5554
5539,5533,5555
5540,5534,5556
5541,5535,5557
5542,5536,5558
5543,5537,5559
5544,5538,5561
5545,5539,5560
5546,5540,5562
5547,5541,5564
5548,5542,5563
5549,5543,5565
5550,5544,5566
5551,5545,5567
5552,5546,5568
5553,5547,5569
5554,5548,5570
5555,5550,5571
5556,5551,5572
5557,5552,5574
5558,5553,5573
5559,5554,5575
5560,5555,5576
5561,5556,5577
5562,5557,5578
5563,5558,5579
5564,5559,5580
5565,5560,5582
5566,5561,5581
5567,5562,5583
5568,5563,5584
5569,5564,5585
5570,5565,5586
5571,5566,5587
5572,5567,5588
5573,5568,5589
5574,5569,5590
5575,5570,5591
5576,5571,5592
5577,5572,5593
5578,5573,5595
5579,5574,5594
5580,5575,5596
5581,5576,5597
5582,5577,5598
5583,5578,5600
5584,5579,5601
5585,5580,5602
5586,5581,5604
5587,5582,5603
5588,5583,5605
5589,5584,5606
5590,5585,5607
5591,5586,5608
5592,5587,5609
5593,5588,5610
5594,5589,5611
5595,5590,5612
5596,5591,5613
5597,5591,5614
5598,5592,5615
5599,5593,5616
5600,5594,5618
5601,5595,5617
5602,5596,5619
5603,5597,5620
5604,5598,5621
5605,5599,5622
5606,5599,5623
5607,5600,5623
5608,5601,5625
5609,5602,5626
5610,5603,5628
5611,5604,5627
5612,5605,5629
5613,5606,5630
5614,5607,5631
5615,5608,5634
5616,5609,5635
5617,5610,5636
5618,5610,5638
5619,5611,5637
5620,5612,5639
5621,5613,5640
5622,5614,5641
5623,5615,5642
5624,5616,5643
5625,5617,5645
5626,5618,5644
5627,5619,5646
5628,5620,5647
5629,5621,5648
5630,5622,5649
5631,5623,5650
5632,5624,5651
5633,5624,5652
5634,5625,5652
5635,5626,5655
5636,5627,5657
5637,5628,5656
5638,5629,5658
5639,5630,5660
5640,5631,5662
5641,5632,5633
5642,5632,5663
5643,5633,5664
5644,5634,5665
5645,5635,5666
5646,5636,5667
5647,5637,5668
5648,5638,5669
5649,5639,5670
5650,5640,5671
5651,5641,5672
5652,5642,5673
5653,5643,5674
5654,5644,5676
5655,5645,5675
5656,5646,5677
5657,5647,5678
5658,5648,5680
5659,5649,5679
5660,5650,5681
5661,5651,5682
5662,5652,5684
5663,5653,5654
5664,5653,5683
5665,5654,5685
5666,5655,5686
5667,5656,5687
5668,5657,5688
5669,5658,5689
5670,5659,5661
5671,5659,5690
5672,5660,5693
5673,5661,5691
5674,5662,5694
5675,5663,5695
5676,5664,5696
5677,5665,5697
5678,5666,5698
5679,5667,5699
5680,5668,5700
5681,5669,5701
5682,5670,5702
5683,5671,5703
5684,5672,5704
5685,5673,5705
5686,5674,5706
5687,5675,5707
5688,5676,5708
5689,5677,5709
5690,5678,5710
5691,5679,5712
5692,5680,5713
5693,5681,5715
5694,5682,5714
5695,5683,5716
5696,5684,5717
5697,5685,5719
5698,5686,5718
5699,5687,5720
5700,5688,5722
5701,5689,5721
5702,5691,5692
5703,5691,5723
5704,5692,5694
5705,5693,5725
5706,5695,5724
5707,5696,5726
5708,5697,5726
5709,5698,5727
5710,5699,5727
5711,5700,5728
5712,5701,5729
5713,5702,5730
5714,5703,5730
5715,5704,5731
5716,5705,5731
5717,5706,5732
5718,5707,5732
5719,5708,5733
5720,5709,5733
5721,5710,5734
5722,5711,5712
5723,5711,5734
5724,5713,5735
5725,5714,5735
5726,5715,5736
5727,5716,5736
5728,5717,5737
5729,5718,5737
5730,5719,5738
5731,5720,5738
5732,5721,5739
5733,5721,5741
5734,5722,5740
5735,5723,5742
5736,5724,5743
5737,5725,5743
5738,5728,5744
5739,5729,5745
5740,5733,5746
5741,5735,5747
5742,5738,5748
5743,5740,5749
5744,5741,5749
5745,5742,5751
5746,5743,5750
5747,5744,5752
5748,5745,5753
5749,5746,5754
5750,5747,5755
5751,5748,5756
5752,5749,5757
5753,5751,5758
5754,5752,5759
5755,5753,5760
5756,5754,5761
5757,5756,5762
5758,5757,5763
5759,5758,5764
5760,5759,5765
5761,5760,5766
5762,5761,5767
5763,5762,5768
5764,5763,5769
5765,5764,5770
5766,5765,5771
5767,5766,5772
5768,5767,5773
5769,5768,5774
5770,5769,5775
5771,5770,5776
5772,5771,5777
5773,5772,5778
5774,5773,5779
5775,5774,5780
5776,5775,5781
5777,5776,5782
5778,5777,5783
5779,5778,5784
5780,5779,5786
5781,5780,5787
5782,5781,5788
5783,5782,5789
5784,5783,5790
5785,5784,5791
5786,5785,5792
5787,5786,5796
5788,5787,5797
5789,5787,5798
5790,5788,5799
5791,5789,5800
5792,5790,5805
5793,5791,5806
5794,5792,5809
5795,5793,5812
5796,5794,5813
5797,5794,5814
5798,5795,5796
5799,5795,5815
5800,5796,5816
5801,5797,5825
5802,5798,5826
5803,5799,5828
5804,5800,5829
5805,5801,5802
5806,5801,5830
5807,5802,5832
5808,5803,5804
5809,5803,5831
5810,5804,5833
5811,5805,5834
5812,5806,5835
5813,5807,5808
5814,5807,5836
5815,5808,5809
5816,5810,5811
5817,5810,5837
5818,5811,5838
5819,5812,5839
5820,5813,5840
5821,5814,5841
5822,5815,5842
5823,5816,5817
5824,5817,5843
5825,5818,5819
5826,5818,5845
5827,5819,5820
5828,5820,5846
5829,5821,5822
5830,5821,5847
5831,5822,5848
5832,5823,5824
5833,5823,5849
5834,5824,5851
5835,5825,5850
5836,5826,5853
5837,5827,5852
5838,5827,5854
5839,5828,5854
5840,5829,5855
5841,5830,5856
5842,5831,5858
5843,5832,5857
5844,5833,5859
5845,5834,5860
5846,5835,5861
5847,5836,5862
5848,5837,5863
5849,5838,5864
5850,5839,5865
5851,5840,5866
5852,5841,5868
5853,5842,5867
5854,5843,5844
5855,5844,5845
5856,5846,5869
5857,5847,5870
5858,5848,5871
5859,5849,5873
5860,5850,5874
5861,5851,5852
5862,5851,5875
5863,5853,5876
5864,5855,5877
5865,5856,5878
5866,5857,5880
5867,5858,5879
5868,5859,5882
5869,5860,5881
5870,5861,5882
5871,5862,5883
5872,5863,5884
5873,5864,5885
5874,5865,5886
5875,5866,5887
5876,5867,5888
5877,5868,5889
5878,5869,5890
5879,5870,5891
5880,5871,5872
5881,5872,5874
5882,5873,5892
5883,5875,5893
5884,5876,5894
5885,5877,5895
5886,5878,5896
5887,5879,5898
5888,5880,5897
5889,5881,5900
5890,5882,5899
5891,5883,5901
5892,5884,5902
5893,5885,5903
5894,5886,5904
5895,5887,5905
5896,5888,5906
5897,5889,5907
5898,5890,5908
5899,5891,5909
5900,5892,5910
5901,5893,5911
5902,5894,5912
5903,5895,5915
5904,5896,5916
5905,5897,5918
5906,5898,5917
5907,5899,5919
5908,5900,5920
5909,5901,5921
5910,5902,5922
5911,5903,5923
5912,5904,5924
5913,5905,5925
5914,5906,5926
5915,5907,5927
5916,5908,5928
5917,5909,5929
5918,5910,5930
5919,5911,5931
5920,5912,5932
5921,5913,5933
5922,5914,5935
5923,5915,5934
5924,5916,5936
5925,5917,5938
5926,5918,5937
5927,5919,5940
5928,5920,5939
5929,5921,5941
5930,5922,5942
5931,5923,5943
5932,5924,5944
5933,5925,5945
5934,5926,5946
5935,5927,5947
5936,5928,5948
5937,5929,5949
5938,5930,5950
5939,5931,5951
5940,5932,5952
5941,5933,5953
5942,5934,5956
5943,5935,5955
5944,5936,5957
5945,5937,5958
5946,5938,5959
5947,5939,5961
5948,5940,5960
5949,5941,5962
5950,5942,5963
5951,5943,5964
5952,5944,5965
5953,5945,5966
5954,5946,5967
5955,5947,5968
5956,5948,5969
5957,5949,5970
5958,5950,5971
5959,5951,5972
5960,5952,5973
5961,5953,5974
5962,5954,5975
5963,5955,5977
5964,5956,5976
5965,5957,5978
5966,5958,5979
5967,5959,5980
5968,5960,5982
5969,5961,5981
5970,5962,5983
5971,5963,5984
5972,5964,5985
5973,5965,5986
5974,5966,5987
5975,5967,5989
5976,5968,5988
5977,5969,5990
5978,5970,5991
5979,5971,5992
5980,5972,5993
5981,5973,5994
5982,5974,5995
5983,5975,5996
5984,5976,5997
5985,5977,5998
5986,5978,5999
5987,5979,6000
5988,5980,6001
5989,5981,6003
5990,5982,6002
5991,5983,6004
5992,5984,6005
5993,5985,6006
5994,5986,6007
5995,5987,6008
5996,5988,6010
5997,5989,6009
5998,5990,6011
5999,5991,6012
6000,5992,6013
6001,5993,6014
6002,5994,6015
6003,5995,6016
6004,5996,6017
6005,5997,6019
6006,5998,6018
6007,6000,6020
6008,6001,6021
6009,6002,6022
6010,6003,6023
6011,6004,6024
6012,6005,6026
6013,6006,6027
6014,6007,6028
6015,6008,6029
6016,6009,6031
6017,6010,6030
6018,6011,6032
6019,6012,6033
6020,6013,6034
6021,6014,6035
6022,6015,6036
6023,6016,6037
6024,6017,6038
6025,6018,6040
6026,6019,6039
6027,6020,6041
6028,6021,6042
6029,6022,6043
6030,6023,6044
6031,6024,6045
6032,6025,6046
6033,6026,6047
6034,6026,6048
6035,6027,6049
6036,6028,6051
6037,6029,6050
6038,6030,6053
6039,6031,6052
6040,6032,6054
6041,6033,6055
6042,6034,6056
6043,6035,6057
6044,6036,6058
6045,6037,6059
6046,6038,6060
6047,6039,6061
6048,6040,6062
6049,6041,6063
6050,6042,6064
6051,6043,6066
6052,6044,6065
6053,6045,6067
6054,6046,6067
6055,6047,6068
6056,6049,6069
6057,6050,6071
6058,6051,6070
6059,6052,6073
6060,6053,6072
6061,6054,6074
6062,6055,6075
6063,6056,6076
6064,6057,6077
6065,6058,6078
6066,6059,6079
6067,6060,6080
6068,6061,6081
6069,6062,6082
6070,6063,6083
6071,6064,6084
6072,6065,6086
6073,6066,6085
6074,6067,6087
6075,6069,6088
6076,6070,6089
6077,6071,6090
6078,6072,6092
6079,6073,6091
6080,6074,6093
6081,6075,6094
6082,6076,6095
6083,6077,6096
6084,6078,6097
6085,6079,6098
6086,6080,6099
6087,6081,6100
6088,6082,6101
6089,6083,6102
6090,6084,6103
6091,6085,6104
6092,6086,6105
6093,6087,6106
6094,6088,6107
6095,6089,6108
6096,6090,6109
6097,6091,6110
6098,6092,6111
6099,6093,6112
6100,6094,6113
6101,6095,6114
6102,6096,6115
6103,6097,6116
6104,6098,6117
6105,6099,6118
6106,6100,6119
6107,6101,6120
6108,6102,6121
6109,6103,6122
6110,6104,6124
6111,6105,6123
6112,6106,6125
6113,6107,6127
6114,6108,6128
6115,6109,6129
6116,6110,6130
6117,6111,6131
6118,6112,6132
6119,6113,6133
6120,6114,6134
6121,6115,6135
6122,6116,6136
6123,6117,6137
6124,6118,6138
6125,6119,6139
6126,6120,6140
6127,6121,6142
6128,6122,6143
6129,6123,6144
6130,6124,6145
6131,6125,6146
6132,6126,6147
6133,6127,6148
6134,6128,6149
6135,6129,6150
6136,6130,6151
6137,6131,6152
6138,6132,6153
6139,6133,6154
6140,6134,6155
6141,6135,6156
6142,6136,6157
6143,6137,6159
6144,6138,6158
6145,6139,6160
6146,6140,6161
6147,6141,6161
6148,6142,6162
6149,6143,6163
6150,6144,6164
6151,6145,6165
6152,6146,6166
6153,6147,6167
6154,6148,6168
6155,6149,6169
6156,6150,6170
6157,6151,6172
6158,6152,6171
6159,6153,6173
6160,6154,6174
6161,6155,6175
6162,6156,6176
6163,6157,6177
6164,6158,6179
6165,6159,6178
6166,6160,6181
6167,6161,6180
6168,6162,6183
6169,6163,6184
6170,6164,6185
6171,6165,6186
6172,6166,6187
6173,6167,6188
6174,6168,6189
6175,6169,6190
6176,6170,6191
6177,6171,6193
6178,6172,6192
6179,6173,6194
6180,6174,6195
6181,6175,6196
6182,6176,6197
6183,6177,6198
6184,6178,6199
6185,6179,6200
6186,6180,6201
6187,6181,6202
6188,6182,6205
6189,6183,6203
6190,6184,6204
6191,6185,6205
6192,6186,6206
6193,6187,6207
6194,6188,6208
6195,6189,6209
6196,6190,6210
6197,6191,6211
6198,6192,6213
6199,6193,6212
6200,6194,6214
6201,6195,6215
6202,6196,6216
6203,6197,6217
6204,6198,6218
6205,6199,6219
6206,6200,6220
6207,6201,6221
6208,6202,6222
6209,6203,6223
6210,6204,6224
6211,6205,6225
6212,6206,6226
6213,6207,6227
6214,6208,6228
6215,6209,6229
6216,6210,6230
6217,6211,6231
6218,6212,6233
6219,6213,6232
6220,6214,6234
6221,6215,6235
6222,6216,6236
6223,6217,6237
6224,6218,6238
6225,6219,6240
6226,6220,6239
6227,6221,6242
6228,6222,6241
6229,6223,6243
6230,6224,6244
6231,6225,6245
6232,6226,6246
6233,6227,6247
6234,6228,6248
6235,6229,6250
6236,6230,6251
6237,6231,6252
6238,6232,6254
6239,6233,6253
6240,6234,6255
6241,6235,6256
6242,6236,6257
6243,6237,6258
6244,6238,6259
6245,6239,6261
6246,6240,6260
6247,6241,6263
6248,6242,6262
6249,6243,6264
6250,6244,6265
6251,6245,6267
6252,6246,6266
6253,6247,6269
6254,6248,6268
6255,6249,6269
6256,6250,6270
6257,6251,6271
6258,6252,6272
6259,6253,6274
6260,6254,6273
6261,6255,6275
6262,6256,6276
6263,6257,6277
6264,6258,6278
6265,6259,6279
6266,6260,6280
6267,6261,6281
6268,6262,6283
6269,6263,6282
6270,6264,6284
6271,6265,6285
6272,6266,6286
6273,6267,6287
6274,6268,6289
6275,6269,6288
6276,6270,6290
6277,6271,6291
6278,6272,6292
6279,6273,6293
6280,6274,6294
6281,6275,6295
6282,6276,6296
6283,6277,6297
6284,6278,6298
6285,6279,6299
6286,6280,6300
6287,6281,6301
6288,6282,6303
6289,6283,6302
6290,6284,6304
6291,6285,6305
6292,6286,6306
6293,6287,6307
6294,6288,6308
6295,6289,6309
6296,6290,6310
6297,6291,6311
6298,6292,6312
6299,6293,6313
6300,6294,6314
6301,6295,6315
6302,6296,6316
6303,6297,6317
6304,6298,6318
6305,6299,6319
6306,6300,6320
6307,6301,6321
6308,6302,6323
6309,6303,6322
6310,6304,6324
6311,6305,6325
6312,6306,6326
6313,6307,6327
6314,6308,6328
6315,6309,6329
6316,6310,6330
6317,6311,6331
6318,6312,6332
6319,6313,6333
6320,6314,6334
6321,6315,6335
6322,6316,6336
6323,6317,6337
6324,6318,6338
6325,6319,6339
6326,6320,6340
6327,6321,6341
6328,6322,6343
6329,6323,6342
6330,6324,6344
6331,6325,6345
6332,6326,6346
6333,6327,6347
6334,6328,6348
6335,6329,6349
6336,6330,6350
6337,6331,6351
6338,6332,6352
6339,6333,6353
6340,6334,6354
6341,6335,6355
6342,6336,6356
6343,6337,6357
6344,6338,6358
6345,6339,6359
6346,6340,6360
6347,6341,6361
6348,6342,6362
6349,6343,6363
6350,6344,6365
6351,6345,6366
6352,6346,6367
6353,6347,6368
6354,6348,6369
6355,6349,6370
6356,6350,6372
6357,6351,6374
6358,6352,6375
6359,6353,6376
6360,6354,6377
6361,6355,6378
6362,6356,6379
6363,6357,6380
6364,6358,6381
6365,6359,6382
6366,6360,6383
6367,6361,6384
6368,6362,6386
6369,6363,6385
6370,6364,6387
6371,6365,6388
6372,6366,6389
6373,6367,6390
6374,6368,6391
6375,6369,6392
6376,6370,6393
6377,6371,6393
6378,6372,6394
6379,6373,6395
6380,6374,6396
6381,6375,6397
6382,6376,6398
6383,6377,6399
6384,6378,6400
6385,6379,6401
6386,6380,6402
6387,6381,6403
6388,6382,6404
6389,6383,6406
6390,6384,6405
6391,6385,6408
6392,6386,6407
6393,6387,6409
6394,6388,6409
6395,6389,6410
6396,6390,6411
6397,6391,6412
6398,6392,6413
6399,6393,6414
6400,6394,6416
6401,6395,6415
6402,6396,6417
6403,6397,6418
6404,6398,6419
6405,6399,6420
6406,6400,6421
6407,6401,6422
6408,6402,6423
6409,6403,6424
6410,6404,6425
6411,6405,6426
6412,6406,6427
6413,6407,6428
6414,6408,6429
6415,6409,6430
6416,6410,6431
6417,6411,6432
6418,6412,6433
6419,6413,6434
6420,6414,6435
6421,6415,6437
6422,6416,6436
6423,6417,6438
6424,6418,6439
6425,6419,6440
6426,6420,6441
6427,6421,6442
6428,6422,6443
6429,6423,6444
6430,6424,6445
6431,6425,6446
6432,6426,6447
6433,6427,6448
6434,6428,6449
6435,6429,6450
6436,6430,6452
6437,6431,6451
6438,6432,6453
6439,6433,6454
6440,6434,6455
6441,6435,6456
6442,6436,6458
6443,6437,6457
6444,6438,6459
6445,6439,6460
6446,6440,6461
6447,6441,6462
6448,6442,6463
6449,6443,6464
6450,6444,6465
6451,6445,6466
6452,6446,6467
6453,6447,6469
6454,6448,6468
6455,6449,6470
6456,6450,6471
6457,6451,6473
6458,6452,6472
6459,6453,6474
6460,6454,6475
6461,6455,6476
6462,6456,6477
6463,6457,6478
6464,6458,6479
6465,6459,6480
6466,6460,6481
6467,6461,6482
6468,6462,6483
6469,6463,6484
6470,6464,6485
6471,6465,6486
6472,6466,6487
6473,6467,6488
6474,6468,6489
6475,6469,6490
6476,6470,6491
6477,6471,6492
6478,6472,6493
6479,6473,6494
6480,6474,6495
6481,6475,6496
6482,6476,6497
6483,6477,6498
6484,6478,6499
6485,6479,6500
6486,6480,6501
6487,6481,6502
6488,6482,6503
6489,6483,6504
6490,6484,6505
6491,6485,6506
6492,6486,6507
6493,6487,6508
6494,6488,6509
6495,6489,6510
6496,6490,6511
6497,6491,6512
6498,6492,6513
6499,6493,6514
6500,6494,6515
6501,6495,6516
6502,6496,6517
6503,6497,6518
6504,6498,6519
6505,6499,6521
6506,6500,6520
6507,6501,6522
6508,6502,6523
6509,6503,6524
6510,6504,6525
6511,6505,6526
6512,6506,6527
6513,6507,6528
6514,6508,6529
6515,6509,6530
6516,6510,6531
6517,6511,6532
6518,6512,6533
6519,6513,6534
6520,6514,6535
6521,6515,6536
6522,6516,6537
6523,6517,6538
6524,6518,6539
6525,6519,6540
6526,6520,6542
6527,6521,6541
6528,6522,6543
6529,6523,6544
6530,6524,6545
6531,6525,6546
6532,6526,6547
6533,6527,6548
6534,6528,6549
6535,6529,6550
6536,6530,6551
6537,6531,6552
6538,6532,6553
6539,6533,6554
6540,6534,6555
6541,6535,6556
6542,6536,6557
6543,6537,6558
6544,6538,6559
6545,6539,6560
6546,6540,6561
6547,6541,6562
6548,6542,6563
6549,6543,6564
6550,6544,6565
6551,6545,6566
6552,6546,6567
6553,6547,6568
6554,6548,6569
6555,6549,6570
6556,6550,6571
6557,6551,6572
6558,6552,6573
6559,6553,6574
6560,6554,6575
6561,6555,6576
6562,6556,6577
6563,6557,6578
6564,6558,6579
6565,6559,6580
6566,6560,6581
6567,6561,6582
6568,6562,6583
6569,6563,6584
6570,6564,6585
6571,6565,6586
6572,6566,6587
6573,6567,6588
6574,6568,6589
6575,6569,6590
6576,6570,6591
6577,6571,6592
6578,6572,6593
6579,6573,6594
6580,6574,6595
6581,6575,6597
6582,6576,6596
6583,6577,6598
6584,6578,6599
6585,6579,6600
6586,6580,6601
6587,6581,6603
6588,6582,6604
6589,6583,6605
6590,6584,6606
6591,6585,6607
6592,6586,6608
6593,6587,6609
6594,6588,6610
6595,6589,6611
6596,6590,6612
6597,6591,6613
6598,6592,6614
6599,6593,6615
6600,6594,6617
6601,6595,6616
6602,6596,6619
6603,6597,6618
6604,6598,6622
6605,6599,6623
6606,6600,6624
6607,6601,6626
6608,6602,6627
6609,6602,6629
6610,6603,6628
6611,6604,6629
6612,6605,6630
6613,6606,6631
6614,6607,6632
6615,6608,6633
6616,6609,6634
6617,6610,6635
6618,6611,6636
6619,6612,6637
6620,6613,6638
6621,6614,6639
6622,6616,6641
6623,6617,6640
6624,6618,6643
6625,6619,6642
6626,6620,6621
6627,6621,6644
6628,6622,6644
6629,6623,6645
6630,6624,6647
6631,6625,6626
6632,6625,6646
6633,6626,6648
6634,6627,6649
6635,6628,6650
6636,6629,6651
6637,6630,6654
6638,6631,6655
6639,6632,6656
6640,6633,6657
6641,6634,6658
6642,6635,6659
6643,6636,6660
6644,6637,6661
6645,6638,6662
6646,6639,6663
6647,6640,6665
6648,6641,6667
6649,6642,6669
6650,6643,6668
6651,6644,6670
6652,6645,6671
6653,6646,6672
6654,6647,6673
6655,6648,6675
6656,6649,6674
6657,6650,6652
6658,6650,6676
6659,6651,6677
6660,6652,6678
6661,6653,6678
6662,6653,6679
6663,6654,6680
6664,6654,6681
6665,6655,6682
6666,6656,6684
6667,6657,6683
6668,6658,6685
6669,6659,6686
6670,6660,6687
6671,6661,6688
6672,6662,6690
6673,6663,6691
6674,6664,6666
6675,6664,6692
6676,6665,6694
6677,6667,6693
6678,6668,6695
6679,6669,6695
6680,6670,6697
6681,6671,6696
6682,6672,6698
6683,6673,6699
6684,6674,6699
6685,6675,6700
6686,6676,6700
6687,6677,6701
6688,6679,6702
6689,6680,6703
6690,6682,6704
6691,6682,6705
6692,6683,6705
6693,6684,6706
6694,6685,6707
6695,6686,6708
6696,6687,6709
6697,6688,6709
6698,6689,6710
6699,6689,6711
6700,6690,6712
6701,6691,6713
6702,6692,6714
6703,6693,6715
6704,6694,6716
6705,6695,6717
6706,6696,6718
6707,6697,6698
6708,6700,6719
6709,6701,6720
6710,6702,6721
6711,6703,6721
6712,6704,6722
6713,6706,6707
6714,6708,6723
6715,6709,6724
6716,6710,6725
6717,6711,6726
6718,6712,6726
6719,6713,6714
6720,6715,6727
6721,6716,6728
6722,6717,6729
6723,6718,6730
6724,6719,6731
6725,6721,6732
6726,6722,6733
6727,6723,6734
6728,6724,6735
6729,6726,6736
6730,6727,6737
6731,6728,6737
6732,6730,6738
6733,6732,6739
6734,6733,6740
6735,6735,6741
6736,6736,6742
6737,6737,6743
6738,6738,6744
6739,6739,6745
6740,6740,6746
6741,6741,6747
6742,6742,6748
6743,6743,6749
6744,6744,6750
6745,6745,6751
6746,6746,6752
6747,6747,6753
6748,6748,6754
6749,6749,6755
6750,6750,6756
6751,6751,6757
6752,6752,6758
6753,6753,6759
6754,6754,6760
6755,6755,6761
6756,6756,6762
6757,6757,6763
6758,6758,6764
6759,6759,6765
6760,6760,6766
6761,6761,6767
6762,6762,6769
6763,6762,6770
6764,6763,6771
6765,6764,6772
6766,6765,6774
6767,6766,6775
6768,6767,6776
6769,6768,6777
6770,6768,6778
6771,6769,6780
6772,6770,6781
6773,6771,6788
6774,6772,6790
6775,6773,6792
6776,6774,6800
6777,6775,6801
6778,6776,6806
6779,6776,6807
6780,6777,6808
6781,6778,6809
6782,6779,6810
6783,6779,6811
6784,6780,6811
6785,6781,6813
6786,6782,6783
6787,6782,6812
6788,6783,6814
6789,6784,6815
6790,6784,6816
6791,6785,6817
6792,6785,6818
6793,6786,6787
6794,6786,6819
6795,6787,6820
6796,6788,6823
6797,6789,6790
6798,6789,6824
6799,6790,6791
6800,6791,6826
6801,6792,6793
6802,6793,6794
6803,6794,6795
6804,6795,6827
6805,6796,6828
6806,6797,6798
6807,6797,6828
6808,6798,6799
6809,6799,6829
6810,6800,6830
6811,6801,6831
6812,6802,6803
6813,6802,6833
6814,6803,6832
6815,6804,6805
6816,6804,6834
6817,6805,6835
6818,6806,6837
6819,6807,6838
6820,6808,6839
6821,6809,6840
6822,6810,6840
6823,6812,6841
6824,6813,6842
6825,6814,6843
6826,6815,6844
6827,6816,6846
6828,6817,6845
6829,6818,6847
6830,6819,6848
6831,6820,6849
6832,6821,6822
6833,6821,6849
6834,6822,6850
6835,6823,6851
6836,6824,6850
6837,6825,6851
6838,6826,6852
6839,6827,6853
6840,6829,6854
6841,6830,6855
6842,6831,6856
6843,6832,6857
6844,6833,6859
6845,6834,6858
6846,6835,6860
6847,6836,6861
6848,6836,6862
6849,6837,6862
6850,6838,6863
6851,6839,6864
6852,6841,6866
6853,6842,6865
6854,6843,6868
6855,6844,6867
6856,6845,6869
6857,6846,6870
6858,6847,6871
6859,6848,6872
6860,6850,6874
6861,6851,6873
6862,6852,6875
6863,6853,6876
6864,6854,6877
6865,6855,6878
6866,6856,6879
6867,6857,6880
6868,6858,6881
6869,6859,6882
6870,6860,6861
6871,6863,6883
6872,6864,6884
6873,6865,6886
6874,6866,6885
6875,6867,6887
6876,6868,6888
6877,6869,6888
6878,6870,6889
6879,6871,6890
6880,6872,6889
6881,6873,6891
6882,6874,6892
6883,6875,6893
6884,6876,6894
6885,6877,6895
6886,6878,6896
6887,6879,6897
6888,6880,6898
6889,6881,6900
6890,6882,6899
6891,6883,6901
6892,6884,6902
6893,6885,6904
6894,6886,6903
6895,6887,6905
6896,6888,6906
6897,6890,6907
6898,6891,6908
6899,6892,6909
6900,6893,6910
6901,6894,6911
6902,6895,6912
6903,6896,6913
6904,6897,6914
6905,6898,6915
6906,6899,6917
6907,6900,6916
6908,6901,6918
6909,6902,6919
6910,6903,6921
6911,6904,6920
6912,6905,6922
6913,6906,6923
6914,6907,6924
6915,6908,6925
6916,6909,6926
6917,6910,6927
6918,6911,6929
6919,6912,6930
6920,6913,6931
6921,6914,6932
6922,6915,6933
6923,6916,6935
6924,6917,6934
6925,6918,6936
6926,6919,6937
6927,6920,6938
6928,6921,6939
6929,6922,6940
6930,6923,6941
6931,6924,6942
6932,6925,6943
6933,6926,6944
6934,6927,6945
6935,6928,6946
6936,6929,6947
6937,6930,6948
6938,6931,6949
6939,6932,6950
6940,6933,6951
6941,6934,6953
6942,6935,6952
6943,6936,6954
6944,6937,6955
6945,6938,6956
6946,6939,6957
6947,6940,6958
6948,6941,6959
6949,6942,6960
6950,6943,6961
6951,6944,6962
6952,6945,6963
6953,6946,6965
6954,6947,6964
6955,6948,6966
6956,6949,6967
6957,6950,6968
6958,6951,6969
6959,6952,6971
6960,6953,6970
6961,6954,6972
6962,6955,6973
6963,6956,6974
6964,6957,6975
6965,6958,6976
6966,6959,6977
6967,6960,6978
6968,6961,6979
6969,6962,6980
6970,6963,6981
6971,6964,6982
6972,6965,6983
6973,6966,6984
6974,6967,6985
6975,6968,6986
6976,6969,6987
6977,6970,6989
6978,6971,6988
6979,6972,6990
6980,6973,6991
6981,6974,6992
6982,6975,6993
6983,6976,6994
6984,6977,6995
6985,6978,6996
6986,6979,6997
6987,6980,6998
6988,6981,6999
6989,6982,7000
6990,6983,7001
6991,6984,7002
6992,6985,7003
6993,6986,7004
6994,6987,7005
6995,6988,7006
6996,6989,7007
6997,6990,7008
6998,6991,7009
6999,6992,7010
7000,6993,7011
7001,6994,7012
7002,6995,7013
7003,6996,7014
7004,6997,7015
7005,6998,7016
7006,6999,7017
7007,7000,7018
7008,7001,7019
7009,7002,7020
7010,7003,7021
7011,7004,7022
7012,7005,7023
7013,7006,7024
7014,7007,7025
7015,7008,7026
7016,7009,7027
7017,7010,7028
7018,7011,7029
7019,7012,7030
7020,7013,7031
7021,7014,7032
7022,7015,7034
7023,7016,7033
7024,7017,7035
7025,7018,7036
7026,7019,7037
7027,7020,7038
7028,7021,7039
7029,7022,7040
7030,7023,7041
7031,7024,7042
7032,7026,7043
7033,7027,7044
7034,7028,7045
7035,7029,7046
7036,7030,7047
7037,7031,7048
7038,7032,7049
7039,7033,7050
7040,7034,7051
7041,7035,7052
7042,7036,7053
7043,7037,7054
7044,7038,7055
7045,7039,7056
7046,7040,7057
7047,7041,7058
7048,7042,7059
7049,7043,7060
7050,7044,7061
7051,7045,7062
7052,7046,7063
7053,7047,7064
7054,7048,7065
7055,7049,7066
7056,7050,7068
7057,7051,7067
7058,7052,7070
7059,7053,7071
7060,7054,7072
7061,7055,7073
7062,7056,7074
7063,7057,7075
7064,7058,7076
7065,7059,7077
7066,7060,7078
7067,7061,7079
7068,7062,7080
7069,7063,7081
7070,7064,7082
7071,7065,7083
7072,7066,7084
7073,7067,7085
7074,7068,7086
7075,7069,7087
7076,7070,7088
7077,7071,7089
7078,7072,7090
7079,7073,7091
7080,7074,7092
7081,7075,7093
7082,7076,7094
7083,7077,7095
7084,7078,7096
7085,7079,7098
7086,7080,7099
7087,7081,7100
7088,7082,7101
7089,7083,7102
7090,7084,7103
7091,7085,7104
7092,7086,7105
7093,7087,7106
7094,7088,7107
7095,7089,7108
7096,7090,7109
7097,7091,7111
7098,7092,7112
7099,7093,7113
7100,7094,7114
7101,7095,7115
7102,7096,7116
7103,7097,7117
7104,7098,7118
7105,7099,7119
7106,7100,7120
7107,7101,7121
7108,7102,7122
7109,7103,7123
7110,7104,7124
7111,7105,7125
7112,7106,7126
7113,7107,7127
7114,7108,7129
7115,7109,7128
7116,7110,7130
7117,7111,7131
7118,7112,7132
7119,7113,7133
7120,7114,7134
7121,7115,7135
7122,7116,7136
7123,7117,7137
7124,7118,7138
7125,7119,7139
7126,7120,7140
7127,7121,7141
7128,7122,7142
7129,7123,7143
7130,7124,7144
7131,7125,7145
7132,7126,7146
7133,7127,7147
7134,7128,7148
7135,7129,7149
7136,7130,7150
7137,7131,7151
7138,7132,7152
7139,7133,7153
7140,7134,7154
7141,7135,7155
7142,7136,7156
7143,7137,7157
7144,7138,7158
7145,7139,7159
7146,7140,7160
7147,7141,7161
7148,7142,7162
7149,7143,7163
7150,7144,7164
7151,7145,7165
7152,7146,7166
7153,7147,7167
7154,7148,7168
7155,7149,7169
7156,7150,7170
7157,7151,7171
7158,7152,7172
7159,7153,7173
7160,7154,7174
7161,7155,7175
7162,7156,7176
7163,7157,7177
7164,7158,7178
7165,7159,7179
7166,7160,7180
7167,7161,7181
7168,7162,7182
7169,7163,7183
7170,7164,7184
7171,7165,7185
7172,7166,7186
7173,7167,7187
7174,7168,7189
7175,7169,7188
7176,7170,7190
7177,7171,7191
7178,7172,7192
7179,7173,7193
7180,7174,7194
7181,7175,7195
7182,7176,7196
7183,7177,7197
7184,7178,7198
7185,7179,7199
7186,7180,7200
7187,7181,7201
7188,7182,7202
7189,7183,7203
7190,7184,7204
7191,7185,7205
7192,7186,7206
7193,7187,7207
7194,7188,7208
7195,7189,7209
7196,7190,7210
7197,7191,7211
7198,7192,7212
7199,7193,7213
7200,7194,7214
7201,7195,7216
7202,7196,7217
7203,7197,7218
7204,7198,7219
7205,7199,7220
7206,7200,7221
7207,7201,7222
7208,7202,7223
7209,7203,7224
7210,7204,7225
7211,7205,7226
7212,7206,7227
7213,7207,7228
7214,7208,7229
7215,7209,7230
7216,7210,7231
7217,7211,7232
7218,7212,7233
7219,7213,7234
7220,7214,7235
7221,7215,7235
7222,7216,7236
7223,7217,7237
7224,7218,7238
7225,7219,7239
7226,7220,7240
7227,7221,7241
7228,7222,7242
7229,7223,7243
7230,7224,7244
7231,7225,7245
7232,7226,7246
7233,7227,7247
7234,7228,7248
7235,7229,7249
7236,7230,7250
7237,7231,7251
7238,7232,7252
7239,7233,7253
7240,7234,7254
7241,7235,7255
7242,7236,7256
7243,7237,7257
7244,7238,7259
7245,7239,7258
7246,7240,7260
7247,7241,7261
7248,7242,7262
7249,7243,7263
7250,7244,7264
7251,7245,7266
7252,7246,7265
7253,7247,7267
7254,7248,7268
7255,7249,7269
7256,7250,7270
7257,7251,7271
7258,7252,7272
7259,7253,7273
7260,7254,7274
7261,7255,7275
7262,7256,7276
7263,7257,7277
7264,7258,7279
7265,7259,7278
7266,7260,7280
7267,7261,7281
7268,7262,7282
7269,7263,7283
7270,7264,7284
7271,7265,7286
7272,7266,7285
7273,7267,7288
7274,7268,7287
7275,7269,7289
7276,7270,7290
7277,7271,7291
7278,7272,7292
7279,7273,7293
7280,7274,7294
7281,7275,7295
7282,7276,7296
7283,7277,7297
7284,7278,7298
7285,7279,7299
7286,7280,7300
7287,7281,7301
7288,7282,7302
7289,7283,7303
7290,7284,7304
7291,7285,7305
7292,7286,7306
7293,7287,7308
7294,7288,7307
7295,7289,7309
7296,7290,7310
7297,7291,7311
7298,7292,7312
7299,7293,7313
7300,7294,7314
7301,7295,7315
7302,7296,7316
7303,7297,7317
7304,7298,7319
7305,7299,7318
7306,7300,7320
7307,7301,7321
7308,7302,7322
7309,7303,7323
7310,7304,7324
7311,7305,7325
7312,7306,7326
7313,7307,7327
7314,7308,7328
7315,7309,7329
7316,7310,7330
7317,7311,7331
7318,7312,7332
7319,7313,7334
7320,7314,7335
7321,7315,7336
7322,7316,7337
7323,7317,7338
7324,7318,7339
7325,7319,7340
7326,7320,7341
7327,7321,7342
7328,7322,7343
7329,7323,7344
7330,7324,7345
7331,7325,7346
7332,7326,7347
7333,7327,7348
7334,7328,7349
7335,7329,7350
7336,7330,7351
7337,7331,7352
7338,7332,7353
7339,7333,7353
7340,7334,7354
7341,7335,7355
7342,7336,7356
7343,7337,7358
7344,7338,7359
7345,7339,7360
7346,7340,7361
7347,7341,7363
7348,7342,7362
7349,7343,7364
7350,7344,7365
7351,7345,7366
7352,7346,7367
7353,7347,7368
7354,7348,7369
7355,7349,7370
7356,7350,7371
7357,7351,7372
7358,7352,7373
7359,7353,7374
7360,7354,7375
7361,7355,7376
7362,7356,7377
7363,7357,7379
7364,7358,7378
7365,7359,7380
7366,7360,7382
7367,7361,7381
7368,7362,7384
7369,7363,7383
7370,7364,7385
7371,7365,7386
7372,7366,7387
7373,7367,7388
7374,7368,7389
7375,7369,7390
7376,7370,7391
7377,7371,7392
7378,7372,7393
7379,7373,7394
7380,7374,7395
7381,7375,7396
7382,7376,7397
7383,7377,7398
7384,7378,7399
7385,7379,7400
7386,7380,7401
7387,7381,7402
7388,7382,7403
7389,7383,7405
7390,7384,7404
7391,7385,7406
7392,7386,7407
7393,7387,7408
7394,7388,7409
7395,7389,7410
7396,7390,7411
7397,7391,7412
7398,7392,7413
7399,7393,7414
7400,7394,7415
7401,7395,7416
7402,7396,7417
7403,7397,7418
7404,7398,7419
7405,7399,7420
7406,7400,7421
7407,7401,7422
7408,7402,7423
7409,7403,7424
7410,7404,7426
7411,7405,7425
7412,7406,7427
7413,7407,7428
7414,7408,7429
7415,7409,7430
7416,7410,7431
7417,7411,7432
7418,7412,7433
7419,7413,7434
7420,7414,7435
7421,7415,7436
7422,7416,7437
7423,7417,7438
7424,7418,7439
7425,7419,7440
7426,7420,7441
7427,7421,7442
7428,7422,7443
7429,7423,7444
7430,7424,7445
7431,7425,7447
7432,7426,7446
7433,7427,7448
7434,7428,7449
7435,7429,7450
7436,7430,7451
7437,7431,7452
7438,7432,7453
7439,7433,7454
7440,7434,7455
7441,7435,7456
7442,7436,7457
7443,7437,7458
7444,7438,7459
7445,7439,7460
7446,7440,7461
7447,7441,7463
7448,7442,7464
7449,7443,7465
7450,7444,7466
7451,7445,7467
7452,7446,7469
7453,7447,7468
7454,7448,7470
7455,7449,7471
7456,7450,7472
7457,7451,7473
7458,7452,7474
7459,7453,7475
7460,7454,7476
7461,7455,7477
7462,7456,7478
7463,7457,7479
7464,7458,7480
7465,7459,7481
7466,7460,7482
7467,7461,7483
7468,7462,7484
7469,7463,7485
7470,7464,7486
7471,7465,7487
7472,7466,7488
7473,7467,7489
7474,7468,7491
7475,7469,7490
7476,7470,7492
7477,7471,7493
7478,7472,7494
7479,7473,7495
7480,7474,7496
7481,7475,7497
7482,7476,7498
7483,7477,7499
7484,7478,7500
7485,7479,7501
7486,7480,7502
7487,7481,7503
7488,7482,7504
7489,7483,7505
7490,7484,7505
7491,7485,7506
7492,7486,7507
7493,7488,7509
7494,7489,7508
7495,7490,7511
7496,7491,7510
7497,7492,7512
7498,7493,7513
7499,7494,7514
7500,7495,7516
7501,7496,7515
7502,7497,7517
7503,7498,7518
7504,7499,7519
7505,7500,7520
7506,7501,7521
7507,7502,7522
7508,7503,7523
7509,7504,7524
7510,7505,7525
7511,7506,7526
7512,7507,7527
7513,7508,7529
7514,7509,7528
7515,7510,7531
7516,7511,7530
7517,7512,7532
7518,7513,7533
7519,7514,7534
7520,7515,7536
7521,7516,7535
7522,7517,7537
7523,7518,7538
7524,7519,7539
7525,7520,7540
7526,7521,7541
7527,7522,7542
7528,7523,7543
7529,7524,7544
7530,7525,7545
7531,7526,7546
7532,7527,7547
7533,7528,7548
7534,7529,7549
7535,7530,7551
7536,7531,7550
7537,7532,7553
7538,7533,7552
7539,7534,7554
7540,7535,7555
7541,7537,7556
7542,7538,7557
7543,7539,7558
7544,7540,7559
7545,7541,7560
7546,7542,7561
7547,7543,7562
7548,7544,7563
7549,7545,7564
7550,7546,7565
7551,7547,7566
7552,7548,7568
7553,7549,7567
7554,7550,7572
7555,7551,7571
7556,7552,7574
7557,7553,7573
7558,7554,7576
7559,7555,7577
7560,7555,7578
7561,7556,7579
7562,7557,7580
7563,7558,7582
7564,7559,7581
7565,7560,7583
7566,7561,7584
7567,7562,7585
7568,7563,7586
7569,7563,7587
7570,7564,7589
7571,7565,7590
7572,7566,7591
7573,7567,7595
7574,7568,7593
7575,7569,7570
7576,7569,7594
7577,7570,7596
7578,7571,7598
7579,7572,7597
7580,7573,7575
7581,7573,7599
7582,7574,7600
7583,7575,7601
7584,7576,7602
7585,7577,7603
7586,7578,7604
7587,7579,7605
7588,7580,7606
7589,7581,7607
7590,7582,7608
7591,7583,7609
7592,7584,7609
7593,7584,7610
7594,7585,7611
7595,7586,7612
7596,7587,7614
7597,7588,7613
7598,7588,7615
7599,7589,7616
7600,7590,7617
7601,7591,7618
7602,7592,7619
7603,7592,7620
7604,7593,7622
7605,7594,7623
7606,7595,7621
7607,7596,7624
7608,7597,7626
7609,7598,7625
7610,7599,7627
7611,7600,7628
7612,7601,7629
7613,7602,7630
7614,7603,7631
7615,7604,7632
7616,7605,7633
7617,7606,7634
7618,7607,7635
7619,7608,7636
7620,7609,7637
7621,7610,7638
7622,7611,7639
7623,7612,7640
7624,7613,7641
7625,7614,7642
7626,7615,7643
7627,7616,7644
7628,7617,7645
7629,7618,7646
7630,7620,7647
7631,7621,7649
7632,7622,7652
7633,7623,7650
7634,7624,7653
7635,7625,7655
7636,7626,7654
7637,7627,7656
7638,7628,7657
7639,7629,7658
7640,7630,7659
7641,7631,7662
7642,7632,7663
7643,7633,7665
7644,7634,7666
7645,7635,7667
7646,7636,7668
7647,7637,7669
7648,7638,7670
7649,7639,7673
7650,7640,7672
7651,7641,7673
7652,7642,7674
7653,7643,7676
7654,7644,7675
7655,7645,7677
7656,7646,7679
7657,7647,7648
7658,7648,7649
7659,7649,7681
7660,7650,7651
7661,7651,7652
7662,7651,7680
7663,7653,7654
7664,7655,7656
7665,7657,7682
7666,7658,7683
7667,7659,7660
7668,7660,7661
7669,7661,7662
7670,7663,7664
7671,7664,7665
7672,7666,7667
7673,7667,7684
7674,7668,7685
7675,7669,7686
7676,7670,7671
7677,7670,7687
7678,7671,7672
7679,7674,7675
7680,7676,7688
7681,7677,7688
7682,7678,7679
7683,7678,7689
7684,7679,7690
7685,7680,7691
7686,7681,7692
7687,7682,7693
7688,7683,7694
7689,7684,7695
7690,7685,7696
7691,7686,7697
7692,7687,7698
7693,7688,7699
7694,7690,7700
7695,7692,7701
7696,7693,7702
7697,7694,7703
7698,7696,7704
7699,7697,7705
7700,7699,7706
7701,7700,7707
7702,7701,7708
7703,7702,7709
7704,7703,7710
7705,7704,7711
7706,7705,7712
7707,7706,7713
7708,7707,7714
7709,7708,7715
7710,7709,7716
7711,7710,7717
7712,7711,7718
7713,7712,7719
7714,7713,7720
7715,7714,7721
7716,7715,7722
7717,7716,7723
7718,7717,7724
7719,7718,7725
7720,7719,7726
7721,7720,7727
7722,7721,7728
7723,7722,7729
7724,7723,7730
7725,7724,7731
7726,7725,7732
7727,7726,7733
7728,7727,7734
7729,7728,7735
7730,7729,7736
7731,7730,7737
7732,7731,7738
7733,7732,7739
7734,7733,7740
7735,7734,7741
7736,7735,7742
7737,7736,7743
7738,7737,7747
7739,7738,7748
7740,7739,7753
7741,7740,7756
7742,7741,7761
7743,7742,7763
7744,7743,7764
7745,7744,7765
7746,7745,7766
7747,7745,7767
7748,7746,7768
7749,7746,7769
7750,7747,7770
7751,7748,7771
7752,7749,7774
7753,7749,7775
7754,7750,7751
7755,7750,7776
7756,7751,7777
7757,7752,7753
7758,7753,7754
7759,7754,7755
7760,7755,7778
7761,7756,7780
7762,7757,7781
7763,7757,7783
7764,7758,7784
7765,7758,7785
7766,7759,7786
7767,7759,7787
7768,7760,7788
7769,7760,7789
7770,7761,7790
7771,7761,7792
7772,7762,7791
7773,7762,7794
7774,7763,7793
7775,7764,7795
7776,7765,7766
7777,7767,7797
7778,7768,7796
7779,7769,7798
7780,7770,7799
7781,7771,7800
7782,7772,7773
7783,7772,7801
7784,7773,7802
7785,7774,7803
7786,7775,7804
7787,7776,7805
7788,7777,7806
7789,7778,7807
7790,7779,7781
7791,7779,7807
7792,7780,7808
7793,7782,7808
7794,7782,7809
7795,7783,7810
7796,7784,7811
7797,7785,7813
7798,7786,7812
7799,7787,7814
7800,7788,7816
7801,7789,7818
7802,7790,7817
7803,7791,7818
7804,7792,7819
7805,7793,7794
7806,7795,7820
7807,7796,7822
7808,7797,7821
7809,7798,7823
7810,7799,7824
7811,7800,7825
7812,7801,7826
7813,7802,7828
7814,7803,7827
7815,7804,7829
7816,7805,7830
7817,7806,7831
7818,7809,7811
7819,7810,7832
7820,7812,7833
7821,7813,7834
7822,7814,7815
7823,7815,7836
7824,7816,7835
7825,7817,7836
7826,7818,7837
7827,7819,7838
7828,7820,7839
7829,7821,7841
7830,7822,7840
7831,7823,7842
7832,7824,7843
7833,7825,7842
7834,7826,7844
7835,7827,7845
7836,7828,7846
7837,7829,7847
7838,7830,7848
7839,7831,7849
7840,7832,7850
7841,7833,7851
7842,7834,7852
7843,7835,7853
7844,7837,7854
7845,7838,7855
7846,7839,7856
7847,7840,7858
7848,7841,7857
7849,7842,7859
7850,7843,7860
7851,7844,7861
7852,7845,7862
7853,7846,7863
7854,7847,7864
7855,7848,7865
7856,7849,7866
7857,7850,7867
7858,7851,7868
7859,7852,7869
7860,7853,7870
7861,7854,7871
7862,7855,7872
7863,7856,7874
7864,7857,7876
7865,7858,7875
7866,7859,7877
7867,7860,7878
7868,7861,7879
7869,7862,7881
7870,7863,7880
7871,7864,7882
7872,7865,7883
7873,7866,7884
7874,7867,7885
7875,7868,7886
7876,7869,7887
7877,7870,7887
7878,7871,7888
7879,7872,7889
7880,7873,7890
7881,7874,7892
7882,7875,7894
7883,7876,7893
7884,7877,7895
7885,7878,7896
7886,7879,7897
7887,7880,7899
7888,7881,7898
7889,7882,7900
7890,7883,7901
7891,7884,7902
7892,7885,7903
7893,7886,7904
7894,7887,7905
7895,7888,7906
7896,7889,7907
7897,7890,7908
7898,7891,7909
7899,7892,7910
7900,7893,7912
7901,7894,7911
7902,7895,7913
7903,7896,7914
7904,7897,7915
7905,7898,7917
7906,7899,7916
7907,7900,7918
7908,7901,7919
7909,7902,7920
7910,7903,7921
7911,7904,7922
7912,7905,7923
7913,7906,7924
7914,7907,7925
7915,7908,7926
7916,7909,7927
7917,7910,7928
7918,7911,7930
7919,7912,7929
7920,7913,7931
7921,7914,7932
7922,7915,7933
7923,7916,7935
7924,7917,7934
7925,7918,7936
7926,7919,7937
7927,7920,7938
7928,7921,7939
7929,7922,7940
7930,7923,7941
7931,7924,7942
7932,7925,7943
7933,7926,7944
7934,7927,7945
7935,7928,7946
7936,7929,7948
7937,7930,7947
7938,7931,7949
7939,7932,7950
7940,7933,7951
7941,7934,7952
7942,7935,7953
7943,7936,7954
7944,7937,7955
7945,7938,7956
7946,7939,7957
7947,7940,7958
7948,7941,7959
7949,7942,7960
7950,7943,7961
7951,7944,7962
7952,7945,7963
7953,7946,7964
7954,7947,7966
7955,7948,7965
7956,7949,7967
7957,7950,7968
7958,7951,7969
7959,7952,7970
7960,7953,7971
7961,7954,7972
7962,7955,7973
7963,7956,7974
7964,7957,7975
7965,7958,7976
7966,7959,7977
7967,7960,7978
7968,7961,7979
7969,7962,7980
7970,7963,7981
7971,7964,7982
7972,7965,7984
7973,7966,7983
7974,7967,7985
7975,7968,7986
7976,7969,7987
7977,7969,7988
7978,7970,7989
7979,7971,7990
7980,7972,7991
7981,7973,7992
7982,7974,7993
7983,7975,7994
7984,7976,7995
7985,7977,7996
7986,7978,7997
7987,7979,7998
7988,7980,7999
7989,7981,8000
7990,7982,8001
7991,7983,8003
7992,7984,8002
7993,7985,8004
7994,7986,8005
7995,7987,8006
7996,7989,8007
7997,7990,8008
7998,7991,8009
7999,7992,8010
8000,7993,8011
8001,7994,8012
8002,7995,8013
8003,7996,8014
8004,7997,8015
8005,7998,8016
8006,7999,8017
8007,8000,8018
8008,8001,8019
8009,8002,8021
8010,8003,8020
8011,8004,8022
8012,8005,8023
8013,8007,8025
8014,8008,8024
8015,8009,8026
8016,8010,8027
8017,8011,8028
8018,8012,8029
8019,8013,8030
8020,8014,8031
8021,8015,8032
8022,8016,8033
8023,8017,8034
8024,8018,8035
8025,8019,8036
8026,8020,8038
8027,8021,8037
8028,8022,8039
8029,8023,8040
8030,8024,8042
8031,8025,8041
8032,8026,8043
8033,8027,8044
8034,8028,8045
8035,8029,8046
8036,8030,8047
8037,8031,8048
8038,8032,8049
8039,8033,8050
8040,8034,8051
8041,8035,8052
8042,8036,8053
8043,8037,8055
8044,8038,8054
8045,8039,8056
8046,8040,8057
8047,8041,8060
8048,8042,8059
8049,8043,8061
8050,8044,8062
8051,8045,8063
8052,8046,8064
8053,8047,8065
8054,8048,8066
8055,8049,8067
8056,8050,8068
8057,8051,8069
8058,8052,8071
8059,8053,8070
8060,8054,8074
8061,8055,8073
8062,8056,8075
8063,8057,8076
8064,8058,8077
8065,8059,8079
8066,8060,8078
8067,8061,8080
8068,8062,8081
8069,8063,8082
8070,8064,8083
8071,8065,8084
8072,8066,8085
8073,8067,8086
8074,8068,8087
8075,8069,8088
8076,8070,8090
8077,8071,8089
8078,8072,8092
8079,8073,8092
8080,8074,8093
8081,8075,8094
8082,8076,8095
8083,8077,8096
8084,8078,8098
8085,8079,8097
8086,8080,8099
8087,8081,8100
8088,8082,8101
8089,8083,8102
8090,8084,8103
8091,8085,8104
8092,8086,8105
8093,8087,8106
8094,8088,8107
8095,8089,8109
8096,8090,8108
8097,8091,8109
8098,8092,8110
8099,8093,8111
8100,8094,8112
8101,8095,8113
8102,8096,8114
8103,8097,8116
8104,8098,8115
8105,8099,8117
8106,8100,8118
8107,8101,8119
8108,8102,8120
8109,8103,8121
8110,8104,8122
8111,8105,8123
8112,8106,8124
8113,8107,8125
8114,8108,8127
8115,8109,8126
8116,8110,8128
8117,8111,8129
8118,8112,8130
8119,8113,8131
8120,8114,8132
8121,8115,8133
8122,8116,8134
8123,8117,8135
8124,8118,8136
8125,8119,8137
8126,8120,8138
8127,8121,8139
8128,8122,8140
8129,8123,8141
8130,8124,8142
8131,8125,8143
8132,8126,8144
8133,8127,8145
8134,8128,8146
8135,8129,8147
8136,8130,8148
8137,8131,8149
8138,8132,8150
8139,8133,8151
8140,8134,8152
8141,8135,8153
8142,8136,8154
8143,8137,8155
8144,8138,8156
8145,8139,8157
8146,8140,8158
8147,8141,8159
8148,8142,8160
8149,8143,8161
8150,8144,8162
8151,8145,8163
8152,8146,8164
8153,8147,8165
8154,8148,8166
8155,8149,8167
8156,8150,8168
8157,8151,8169
8158,8152,8170
8159,8153,8172
8160,8154,8171
8161,8155,8173
8162,8156,8174
8163,8157,8175
8164,8158,8176
8165,8159,8177
8166,8160,8178
8167,8161,8179
8168,8162,8180
8169,8163,8181
8170,8164,8182
8171,8165,8183
8172,8166,8184
8173,8167,8185
8174,8168,8186
8175,8169,8187
8176,8170,8188
8177,8171,8190
8178,8172,8189
8179,8173,8192
8180,8174,8193
8181,8175,8194
8182,8176,8195
8183,8177,8196
8184,8178,8197
8185,8179,8198
8186,8180,8199
8187,8181,8200
8188,8182,8201
8189,8183,8202
8190,8184,8203
8191,8185,8204
8192,8186,8205
8193,8187,8207
8194,8188,8206
8195,8189,8208
8196,8190,8209
8197,8191,8210
8198,8192,8211
8199,8193,8212
8200,8194,8213
8201,8195,8214
8202,8196,8215
8203,8197,8216
8204,8198,8217
8205,8199,8218
8206,8200,8219
8207,8201,8220
8208,8202,8221
8209,8203,8222
8210,8204,8223
8211,8205,8224
8212,8206,8226
8213,8207,8225
8214,8208,8227
8215,8209,8228
8216,8210,8229
8217,8211,8230
8218,8212,8231
8219,8213,8232
8220,8214,8233
8221,8215,8234
8222,8216,8235
8223,8217,8236
8224,8218,8237
8225,8219,8238
8226,8220,8239
8227,8221,8240
8228,8222,8242
8229,8223,8243
8230,8224,8244
8231,8225,8246
8232,8226,8245
8233,8227,8247
8234,8228,8248
8235,8229,8249
8236,8230,8250
8237,8231,8251
8238,8232,8252
8239,8233,8253
8240,8234,8254
8241,8235,8255
8242,8236,8256
8243,8237,8257
8244,8238,8258
8245,8239,8259
8246,8240,8260
8247,8241,8262
8248,8242,8261
8249,8243,8262
8250,8244,8263
8251,8245,8265
8252,8246,8264
8253,8247,8266
8254,8248,8267
8255,8249,8269
8256,8250,8268
8257,8251,8270
8258,8252,8271
8259,8253,8272
8260,8254,8273
8261,8255,8274
8262,8256,8275
8263,8257,8276
8264,8258,8277
8265,8259,8279
8266,8260,8278
8267,8261,8280
8268,8262,8281
8269,8263,8282
8270,8264,8285
8271,8265,8284
8272,8266,8286
8273,8267,8287
8274,8268,8289
8275,8269,8288
8276,8270,8290
8277,8271,8291
8278,8272,8292
8279,8273,8293
8280,8274,8294
8281,8275,8295
8282,8276,8296
8283,8277,8297
8284,8278,8300
8285,8279,8299
8286,8280,8301
8287,8281,8302
8288,8282,8303
8289,8283,8303
8290,8284,8305
8291,8285,8304
8292,8286,8306
8293,8287,8307
8294,8288,8309
8295,8289,8308
8296,8290,8310
8297,8291,8311
8298,8292,8312
8299,8293,8313
8300,8294,8314
8301,8295,8315
8302,8296,8316
8303,8297,8317
8304,8298,8318
8305,8299,8319
8306,8300,8320
8307,8301,8321
8308,8302,8322
8309,8303,8323
8310,8304,8324
8311,8305,8325
8312,8306,8326
8313,8307,8327
8314,8308,8329
8315,8309,8328
8316,8310,8330
8317,8311,8331
8318,8312,8332
8319,8313,8333
8320,8314,8334
8321,8315,8335
8322,8316,8336
8323,8317,8337
8324,8318,8338
8325,8319,8338
8326,8320,8339
8327,8321,8340
8328,8322,8341
8329,8323,8342
8330,8324,8343
8331,8325,8344
8332,8326,8345
8333,8327,8346
8334,8328,8347
8335,8329,8348
8336,8330,8349
8337,8331,8350
8338,8332,8351
8339,8333,8352
8340,8334,8353
8341,8335,8354
8342,8336,8355
8343,8337,8356
8344,8338,8357
8345,8339,8358
8346,8340,8359
8347,8341,8360
8348,8342,8361
8349,8343,8362
8350,8344,8363
8351,8345,8364
8352,8346,8365
8353,8347,8366
8354,8348,8367
8355,8349,8368
8356,8350,8369
8357,8351,8370
8358,8352,8371
8359,8353,8372
8360,8354,8373
8361,8355,8374
8362,8356,8375
8363,8357,8376
8364,8358,8377
8365,8359,8378
8366,8360,8379
8367,8361,8380
8368,8362,8381
8369,8363,8382
8370,8364,8383
8371,8365,8384
8372,8366,8385
8373,8367,8386
8374,8368,8387
8375,8369,8388
8376,8370,8389
8377,8371,8390
8378,8372,8391
8379,8373,8392
8380,8374,8393
8381,8375,8394
8382,8376,8395
8383,8377,8396
8384,8378,8397
8385,8379,8398
8386,8380,8399
8387,8381,8400
8388,8382,8401
8389,8383,8402
8390,8384,8403
8391,8385,8404
8392,8386,8405
8393,8387,8406
8394,8388,8407
8395,8389,8408
8396,8390,8409
8397,8391,8410
8398,8392,8411
8399,8393,8412
8400,8394,8413
8401,8395,8414
8402,8396,8415
8403,8397,8416
8404,8398,8417
8405,8399,8418
8406,8400,8420
8407,8401,8419
8408,8402,8421
8409,8403,8422
8410,8404,8423
8411,8405,8424
8412,8406,8425
8413,8407,8426
8414,8408,8427
8415,8409,8428
8416,8410,8429
8417,8411,8430
8418,8412,8431
8419,8413,8432
8420,8414,8433
8421,8415,8434
8422,8416,8435
8423,8417,8436
8424,8418,8437
8425,8419,8439
8426,8420,8438
8427,8421,8440
8428,8422,8441
8429,8423,8442
8430,8424,8443
8431,8425,8444
8432,8426,8445
8433,8427,8446
8434,8428,8447
8435,8429,8448
8436,8430,8449
8437,8431,8450
8438,8432,8451
8439,8433,8452
8440,8434,8453
8441,8435,8454
8442,8436,8455
8443,8437,8456
8444,8438,8458
8445,8439,8457
8446,8440,8459
8447,8441,8460
8448,8442,8461
8449,8443,8462
8450,8444,8463
8451,8445,8464
8452,8446,8465
8453,8447,8466
8454,8448,8467
8455,8449,8468
8456,8450,8469
8457,8451,8470
8458,8452,8471
8459,8453,8472
8460,8454,8473
8461,8455,8474
8462,8456,8475
8463,8457,8477
8464,8458,8476
8465,8459,8478
8466,8460,8479
8467,8461,8480
8468,8462,8481
8469,8463,8482
8470,8464,8483
8471,8465,8484
8472,8466,8485
8473,8467,8486
8474,8468,8487
8475,8469,8488
8476,8470,8489
8477,8471,8491
8478,8472,8490
8479,8473,8492
8480,8474,8493
8481,8475,8495
8482,8476,8498
8483,8477,8497
8484,8478,8499
8485,8479,8500
8486,8480,8501
8487,8481,8502
8488,8482,8503
8489,8483,8504
8490,8484,8505
8491,8485,8506
8492,8486,8507
8493,8487,8509
8494,8488,8510
8495,8489,8511
8496,8490,8514
8497,8491,8513
8498,8492,8516
8499,8493,8515
8500,8493,8517
8501,8494,8518
8502,8494,8519
8503,8495,8519
8504,8496,8520
8505,8496,8521
8506,8497,8523
8507,8498,8522
8508,8499,8524
8509,8500,8525
8510,8501,8526
8511,8502,8527
8512,8503,8528
8513,8504,8529
8514,8505,8530
8515,8506,8531
8516,8507,8532
8517,8508,8534
8518,8508,8536
8519,8509,8535
8520,8510,8538
8521,8511,8537
8522,8512,8538
8523,8513,8539
8524,8514,8540
8525,8515,8541
8526,8516,8542
8527,8517,8543
8528,8518,8544
8529,8519,8546
8530,8520,8545
8531,8521,8547
8532,8522,8548
8533,8523,8549
8534,8524,8550
8535,8525,8551
8536,8526,8552
8537,8527,8553
8538,8528,8554
8539,8529,8555
8540,8530,8556
8541,8531,8557
8542,8532,8558
8543,8533,8559
8544,8533,8561
8545,8534,8560
8546,8535,8563
8547,8536,8562
8548,8537,8566
8549,8538,8565
8550,8539,8568
8551,8540,8567
8552,8541,8569
8553,8542,8570
8554,8543,8572
8555,8544,8571
8556,8545,8573
8557,8546,8574
8558,8547,8575
8559,8548,8576
8560,8549,8577
8561,8550,8579
8562,8551,8578
8563,8552,8580
8564,8553,8581
8565,8554,8582
8566,8555,8583
8567,8556,8586
8568,8557,8587
8569,8558,8589
8570,8559,8588
8571,8560,8591
8572,8562,8593
8573,8563,8592
8574,8564,8565
8575,8564,8566
8576,8567,8595
8577,8568,8569
8578,8568,8594
8579,8570,8571
8580,8572,8573
8581,8574,8596
8582,8575,8597
8583,8576,8598
8584,8576,8599
8585,8577,8600
8586,8578,8600
8587,8579,8601
8588,8580,8601
8589,8581,8602
8590,8582,8603
8591,8583,8603
8592,8584,8585
8593,8584,8605
8594,8585,8604
8595,8586,8606
8596,8587,8588
8597,8589,8590
8598,8590,8591
8599,8592,8608
8600,8593,8607
8601,8594,8609
8602,8595,8610
8603,8597,8611
8604,8598,8611
8605,8600,8612
8606,8601,8613
8607,8602,8614
8608,8603,8615
8609,8604,8616
8610,8606,8616
8611,8607,8617
8612,8608,8617
8613,8610,8618
8614,8611,8619
8615,8612,8620
8616,8615,8621
8617,8616,8622
8618,8617,8623
8619,8618,8624
8620,8619,8625
8621,8620,8626
8622,8621,8627
8623,8622,8628
8624,8623,8629
8625,8624,8630
8626,8625,8631
8627,8626,8632
8628,8627,8633
8629,8628,8634
8630,8629,8635
8631,8630,8636
8632,8631,8637
8633,8632,8638
8634,8633,8639
8635,8634,8640
8636,8635,8641
8637,8636,8642
8638,8637,8643
8639,8638,8644
8640,8639,8645
8641,8640,8646
8642,8641,8647
8643,8642,8648
8644,8643,8649
8645,8644,8650
8646,8645,8651
8647,8646,8652
8648,8647,8653
8649,8648,8655
8650,8648,8656
8651,8649,8658
8652,8650,8659
8653,8651,8661
8654,8651,8662
8655,8652,8663
8656,8653,8666
8657,8654,8671
8658,8654,8672
8659,8655,8675
8660,8656,8676
8661,8657,8683
8662,8657,8684
8663,8658,8686
8664,8659,8687
8665,8659,8688
8666,8660,8689
8667,8660,8690
8668,8661,8692
8669,8662,8693
8670,8663,8694
8671,8664,8695
8672,8664,8696
8673,8665,8697
8674,8665,8701
8675,8666,8702
8676,8667,8669
8677,8667,8704
8678,8668,8669
8679,8668,8703
8680,8670,8705
8681,8670,8708
8682,8671,8706
8683,8672,8709
8684,8673,8706
8685,8673,8708
8686,8674,8707
8687,8674,8710
8688,8675,8710
8689,8676,8712
8690,8677,8678
8691,8677,8711
8692,8678,8713
8693,8679,8680
8694,8679,8714
8695,8680,8716
8696,8681,8682
8697,8681,8715
8698,8682,8717
8699,8683,8718
8700,8684,8719
8701,8685,8719
8702,8685,8720
8703,8686,8721
8704,8687,8722
8705,8688,8724
8706,8689,8723
8707,8690,8691
8708,8690,8725
8709,8692,8726
8710,8693,8727
8711,8694,8728
8712,8695,8729
8713,8696,8730
8714,8697,8735
8715,8698,8731
8716,8698,8737
8717,8699,8733
8718,8699,8736
8719,8700,8701
8720,8700,8734
8721,8702,8736
8722,8703,8705
8723,8704,8738
8724,8705,8739
8725,8707,8709
8726,8711,8740
8727,8712,8741
8728,8713,8742
8729,8714,8743
8730,8715,8744
8731,8716,8745
8732,8717,8746
8733,8718,8747
8734,8718,8748
8735,8720,8749
8736,8721,8750
8737,8722,8749
8738,8723,8751
8739,8724,8752
8740,8725,8753
8741,8726,8754
8742,8727,8755
8743,8728,8756
8744,8729,8757
8745,8730,8731
8746,8732,8758
8747,8733,8734
8748,8735,8737
8749,8736,8759
8750,8738,8761
8751,8739,8760
8752,8740,8762
8753,8741,8763
8754,8742,8765
8755,8743,8764
8756,8744,8765
8757,8745,8766
8758,8746,8767
8759,8747,8766
8760,8748,8768
8761,8750,8769
8762,8751,8770
8763,8752,8771
8764,8753,8773
8765,8754,8774
8766,8755,8775
8767,8756,8776
8768,8757,8777
8769,8758,8778
8770,8759,8779
8771,8760,8781
8772,8761,8780
8773,8762,8782
8774,8763,8783
8775,8764,8784
8776,8765,8785
8777,8767,8786
8778,8768,8787
8779,8769,8788
8780,8770,8789
8781,8771,8790
8782,8772,8792
8783,8773,8791
8784,8774,8793
8785,8775,8794
8786,8776,8795
8787,8777,8796
8788,8778,8797
8789,8779,8798
8790,8780,8800
8791,8781,8799
8792,8782,8801
8793,8783,8802
8794,8784,8803
8795,8785,8804
8796,8786,8805
8797,8787,8806
8798,8788,8807
8799,8789,8808
8800,8790,8809
8801,8791,8810
8802,8792,8811
8803,8793,8812
8804,8794,8813
8805,8795,8814
8806,8796,8815
8807,8797,8816
8808,8798,8817
8809,8799,8819
8810,8800,8818
8811,8801,8820
8812,8802,8821
8813,8803,8822
8814,8804,8823
8815,8805,8824
8816,8806,8825
8817,8807,8826
8818,8808,8827
8819,8809,8828
8820,8810,8829
8821,8811,8830
8822,8812,8832
8823,8813,8833
8824,8814,8834
8825,8815,8835
8826,8816,8836
8827,8817,8837
8828,8818,8838
8829,8819,8839
8830,8820,8840
8831,8821,8841
8832,8822,8842
8833,8823,8843
8834,8824,8844
8835,8825,8845
8836,8826,8846
8837,8827,8847
8838,8828,8848
8839,8829,8849
8840,8830,8850
8841,8831,8851
8842,8832,8852
8843,8833,8853
8844,8834,8854
8845,8835,8855
8846,8836,8856
8847,8837,8857
8848,8838,8858
8849,8839,8859
8850,8840,8860
8851,8841,8861
8852,8842,8862
8853,8843,8863
8854,8844,8864
8855,8845,8865
8856,8846,8866
8857,8847,8867
8858,8848,8868
8859,8849,8869
8860,8850,8870
8861,8851,8871
8862,8852,8872
8863,8853,8873
8864,8854,8874
8865,8855,8875
8866,8856,8876
8867,8857,8877
8868,8858,8878
8869,8859,8879
8870,8860,8880
8871,8861,8881
8872,8862,8882
8873,8863,8883
8874,8864,8884
8875,8865,8885
8876,8866,8886
8877,8867,8887
8878,8868,8888
8879,8869,8889
8880,8870,8890
8881,8871,8891
8882,8872,8892
8883,8873,8893
8884,8874,8894
8885,8875,8895
8886,8876,8896
8887,8877,8897
8888,8878,8898
8889,8879,8899
8890,8880,8900
8891,8881,8901
8892,8882,8902
8893,8883,8903
8894,8884,8904
8895,8885,8905
8896,8886,8906
8897,8887,8907
8898,8888,8908
8899,8889,8909
8900,8890,8910
8901,8891,8911
8902,8892,8912
8903,8893,8913
8904,8894,8914
8905,8895,8915
8906,8896,8916
8907,8897,8917
8908,8898,8918
8909,8899,8919
8910,8900,8920
8911,8901,8921
8912,8902,8922
8913,8903,8923
8914,8904,8924
8915,8905,8925
8916,8906,8926
8917,8907,8927
8918,8908,8928
8919,8909,8929
8920,8910,8930
8921,8911,8931
8922,8912,8932
8923,8913,8933
8924,8914,8934
8925,8915,8935
8926,8916,8936
8927,8917,8937
8928,8918,8938
8929,8919,8939
8930,8920,8940
8931,8921,8941
8932,8922,8942
8933,8923,8943
8934,8924,8944
8935,8925,8945
8936,8926,8946
8937,8927,8947
8938,8928,8948
8939,8929,8949
8940,8930,8950
8941,8931,8951
8942,8932,8952
8943,8933,8953
8944,8934,8954
8945,8935,8955
8946,8936,8956
8947,8937,8957
8948,8938,8958
8949,8939,8959
8950,8940,8960
8951,8941,8961
8952,8942,8962
8953,8943,8963
8954,8944,8964
8955,8945,8965
8956,8946,8966
8957,8947,8967
8958,8948,8968
8959,8949,8969
8960,8950,8970
8961,8951,8971
8962,8952,8972
8963,8953,8973
8964,8954,8974
8965,8955,8975
8966,8956,8976
8967,8957,8977
8968,8958,8978
8969,8959,8979
8970,8960,8980
8971,8961,8981
8972,8962,8982
8973,8963,8983
8974,8964,8984
8975,8965,8985
8976,8966,8986
8977,8967,8987
8978,8968,8988
8979,8969,8989
8980,8970,8990
8981,8971,8991
8982,8972,8992
8983,8973,8993
8984,8974,8994
8985,8975,8995
8986,8976,8996
8987,8977,8997
8988,8978,8998
8989,8979,8999
8990,8980,9000
8991,8981,9001
8992,8982,9002
8993,8983,9003
8994,8984,9004
8995,8985,9005
8996,8986,9006
8997,8987,9007
8998,8988,9008
8999,8989,9010
9000,8990,9009
9001,8991,9011
9002,8992,9012
9003,8993,9013
9004,8994,9014
9005,8995,9015
9006,8996,9016
9007,8997,9017
9008,8998,9018
9009,8999,9019
9010,9000,9020
9011,9001,9021
9012,9002,9022
9013,9003,9023
9014,9004,9024
9015,9005,9025
9016,9006,9026
9017,9007,9027
9018,9008,9028
9019,9009,9030
9020,9010,9029
9021,9011,9031
9022,9012,9032
9023,9013,9033
9024,9014,9034
9025,9015,9035
9026,9016,9036
9027,9017,9037
9028,9018,9038
9029,9019,9039
9030,9020,9040
9031,9021,9041
9032,9022,9042
9033,9023,9043
9034,9024,9044
9035,9025,9045
9036,9026,9046
9037,9027,9047
9038,9028,9048
9039,9029,9049
9040,9030,9050
9041,9031,9052
9042,9032,9053
9043,9033,9054
9044,9034,9055
9045,9035,9056
9046,9036,9057
9047,9037,9058
9048,9038,9059
9049,9039,9060
9050,9040,9061
9051,9041,9062
9052,9042,9063
9053,9043,9064
9054,9044,9065
9055,9045,9066
9056,9046,9067
9057,9047,9068
9058,9048,9069
9059,9049,9070
9060,9050,9071
9061,9051,9072
9062,9052,9072
9063,9053,9073
9064,9054,9074
9065,9055,9075
9066,9056,9076
9067,9057,9077
9068,9058,9078
9069,9059,9079
9070,9060,9080
9071,9061,9082
9072,9062,9081
9073,9063,9083
9074,9064,9084
9075,9065,9085
9076,9066,9086
9077,9067,9087
9078,9068,9088
9079,9069,9089
9080,9070,9090
9081,9071,9091
9082,9072,9092
9083,9073,9093
9084,9074,9094
9085,9075,9095
9086,9076,9096
9087,9077,9097
9088,9078,9098
9089,9079,9100
9090,9080,9099
9091,9081,9102
9092,9082,9101
9093,9083,9103
9094,9084,9104
9095,9085,9106
9096,9086,9105
9097,9087,9107
9098,9088,9108
9099,9089,9109
9100,9090,9110
9101,9091,9111
9102,9092,9112
9103,9093,9113
9104,9094,9114
9105,9095,9115
9106,9096,9116
9107,9097,9117
9108,9098,9118
9109,9099,9120
9110,9100,9119
9111,9101,9122
9112,9102,9121
9113,9103,9123
9114,9104,9124
9115,9106,9125
9116,9107,9126
9117,9108,9127
9118,9109,9128
9119,9110,9129
9120,9111,9130
9121,9112,9131
9122,9113,9132
9123,9114,9133
9124,9115,9134
9125,9116,9135
9126,9117,9136
9127,9118,9138
9128,9119,9139
9129,9120,9140
9130,9121,9142
9131,9122,9141
9132,9123,9143
9133,9124,9144
9134,9125,9145
9135,9126,9146
9136,9127,9147
9137,9128,9148
9138,9129,9149
9139,9130,9150
9140,9131,9151
9141,9132,9152
9142,9133,9153
9143,9134,9154
9144,9135,9155
9145,9136,9156
9146,9137,9157
9147,9138,9158
9148,9139,9159
9149,9140,9160
9150,9141,9162
9151,9142,9161
9152,9143,9163
9153,9144,9164
9154,9145,9165
9155,9146,9166
9156,9147,9167
9157,9148,9168
9158,9149,9169
9159,9150,9170
9160,9151,9171
9161,9152,9172
9162,9153,9173
9163,9154,9174
9164,9155,9175
9165,9156,9176
9166,9157,9177
9167,9158,9178
9168,9159,9179
9169,9160,9180
9170,9161,9182
9171,9162,9181
9172,9163,9183
9173,9164,9184
9174,9165,9185
9175,9166,9186
9176,9167,9187
9177,9168,9188
9178,9169,9189
9179,9170,9190
9180,9171,9191
9181,9172,9192
9182,9173,9193
9183,9174,9194
9184,9175,9195
9185,9176,9196
9186,9177,9197
9187,9178,9198
9188,9179,9199
9189,9180,9200
9190,9181,9202
9191,9182,9201
9192,9183,9203
9193,9184,9204
9194,9185,9205
9195,9186,9206
9196,9187,9207
9197,9188,9208
9198,9189,9209
9199,9190,9210
9200,9191,9211
9201,9192,9212
9202,9193,9213
9203,9194,9214
9204,9195,9215
9205,9196,9216
9206,9197,9218
9207,9198,9217
9208,9199,9221
9209,9200,9222
9210,9201,9224
9211,9202,9223
9212,9203,9225
9213,9204,9226
9214,9205,9227
9215,9206,9228
9216,9207,9229
9217,9208,9230
9218,9209,9231
9219,9210,9232
9220,9211,9233
9221,9212,9234
9222,9213,9235
9223,9214,9236
9224,9215,9237
9225,9216,9238
9226,9217,9239
9227,9218,9240
9228,9219,9220
9229,9220,9222
9230,9221,9241
9231,9222,9242
9232,9223,9244
9233,9224,9243
9234,9225,9245
9235,9226,9246
9236,9227,9247
9237,9228,9248
9238,9229,9249
9239,9230,9250
9240,9231,9252
9241,9232,9251
9242,9233,9253
9243,9234,9254
9244,9235,9256
9245,9236,9257
9246,9237,9258
9247,9238,9259
9248,9239,9261
9249,9240,9260
9250,9241,9263
9251,9242,9262
9252,9243,9265
9253,9244,9264
9254,9245,9266
9255,9246,9267
9256,9247,9268
9257,9248,9269
9258,9249,9270
9259,9250,9271
9260,9251,9273
9261,9252,9272
9262,9253,9274
9263,9254,9275
9264,9255,9276
9265,9256,9277
9266,9257,9278
9267,9258,9279
9268,9259,9280
9269,9260,9283
9270,9261,9282
9271,9262,9285
9272,9263,9284
9273,9264,9287
9274,9265,9286
9275,9266,9288
9276,9267,9289
9277,9268,9290
9278,9269,9291
9279,9270,9292
9280,9271,9293
9281,9272,9294
9282,9273,9295
9283,9274,9296
9284,9275,9297
9285,9276,9298
9286,9277,9299
9287,9278,9300
9288,9279,9301
9289,9280,9302
9290,9281,9302
9291,9282,9304
9292,9283,9303
9293,9284,9305
9294,9285,9306
9295,9286,9308
9296,9287,9307
9297,9288,9309
9298,9289,9310
9299,9290,9311
9300,9291,9313
9301,9292,9314
9302,9293,9315
9303,9294,9316
9304,9295,9317
9305,9296,9318
9306,9297,9320
9307,9298,9319
9308,9299,9321
9309,9300,9322
9310,9301,9323
9311,9302,9324
9312,9303,9326
9313,9304,9325
9314,9305,9327
9315,9306,9328
9316,9307,9330
9317,9308,9329
9318,9309,9331
9319,9310,9332
9320,9311,9333
9321,9312,9334
9322,9313,9335
9323,9314,9336
9324,9315,9337
9325,9316,9338
9326,9317,9339
9327,9318,9340
9328,9319,9342
9329,9320,9341
9330,9321,9343
9331,9322,9344
9332,9323,9345
9333,9324,9346
9334,9325,9348
9335,9326,9347
9336,9327,9349
9337,9328,9350
9338,9329,9352
9339,9330,9351
9340,9331,9353
9341,9332,9354
9342,9333,9355
9343,9334,9356
9344,9335,9357
9345,9336,9358
9346,9337,9359
9347,9338,9360
9348,9339,9361
9349,9340,9362
9350,9341,9364
9351,9342,9363
9352,9343,9365
9353,9344,9366
9354,9345,9367
9355,9346,9368
9356,9347,9369
9357,9348,9370
9358,9349,9372
9359,9350,9371
9360,9351,9374
9361,9352,9373
9362,9353,9375
9363,9354,9376
9364,9355,9377
9365,9356,9378
9366,9357,9379
9367,9358,9380
9368,9359,9381
9369,9360,9382
9370,9361,9383
9371,9362,9384
9372,9363,9386
9373,9364,9385
9374,9365,9387
9375,9366,9388
9376,9367,9389
9377,9368,9390
9378,9369,9391
9379,9370,9392
9380,9371,9394
9381,9372,9393
9382,9373,9396
9383,9374,9395
9384,9375,9397
9385,9376,9398
9386,9377,9399
9387,9378,9400
9388,9379,9401
9389,9380,9402
9390,9381,9403
9391,9382,9404
9392,9383,9405
9393,9384,9406
9394,9385,9408
9395,9386,9407
9396,9387,9409
9397,9388,9410
9398,9389,9411
9399,9390,9412
9400,9391,9413
9401,9392,9414
9402,9393,9415
9403,9394,9416
9404,9395,9418
9405,9396,9417
9406,9397,9419
9407,9398,9420
9408,9399,9421
9409,9400,9422
9410,9401,9423
9411,9402,9424
9412,9403,9425
9413,9404,9426
9414,9405,9427
9415,9406,9428
9416,9407,9430
9417,9408,9429
9418,9409,9431
9419,9410,9432
9420,9411,9433
9421,9412,9434
9422,9413,9435
9423,9414,9436
9424,9415,9437
9425,9416,9438
9426,9417,9440
9427,9418,9439
9428,9419,9441
9429,9420,9442
9430,9421,9443
9431,9422,9444
9432,9423,9445
9433,9424,9446
9434,9425,9447
9435,9426,9448
9436,9427,9449
9437,9428,9450
9438,9429,9452
9439,9430,9451
9440,9431,9453
9441,9432,9454
9442,9433,9455
9443,9434,9456
9444,9435,9457
9445,9436,9458
9446,9437,9459
9447,9438,9460
9448,9439,9462
9449,9440,9461
9450,9441,9463
9451,9442,9464
9452,9443,9465
9453,9444,9466
9454,9445,9467
9455,9446,9468
9456,9447,9469
9457,9448,9470
9458,9449,9471
9459,9450,9472
9460,9451,9473
9461,9452,9474
9462,9453,9475
9463,9454,9476
9464,9455,9477
9465,9456,9478
9466,9457,9479
9467,9458,9480
9468,9459,9481
9469,9460,9482
9470,9461,9484
9471,9462,9483
9472,9463,9485
9473,9464,9486
9474,9465,9487
9475,9466,9488
9476,9467,9489
9477,9468,9490
9478,9469,9491
9479,9470,9492
9480,9471,9493
9481,9472,9494
9482,9473,9495
9483,9474,9496
9484,9475,9497
9485,9476,9498
9486,9477,9499
9487,9478,9500
9488,9479,9502
9489,9480,9501
9490,9481,9503
9491,9482,9504
9492,9483,9509
9493,9484,9507
9494,9484,9508
9495,9485,9510
9496,9485,9512
9497,9486,9511
9498,9487,9513
9499,9488,9515
9500,9489,9517
9501,9490,9518
9502,9491,9519
9503,9492,9521
9504,9493,9520
9505,9494,9522
9506,9495,9523
9507,9496,9524
9508,9497,9525
9509,9498,9528
9510,9499,9531
9511,9500,9533
9512,9501,9537
9513,9502,9536
9514,9503,9538
9515,9504,9539
9516,9505,9540
9517,9505,9542
9518,9506,9507
9519,9506,9541
9520,9508,9544
9521,9509,9543
9522,9510,9545
9523,9511,9546
9524,9512,9547
9525,9513,9548
9526,9514,9549
9527,9514,9550
9528,9515,9550
9529,9516,9517
9530,9516,9552
9531,9517,9553
9532,9518,9556
9533,9519,9557
9534,9520,9558
9535,9521,9559
9536,9522,9523
9537,9522,9563
9538,9523,9564
9539,9524,9565
9540,9525,9566
9541,9526,9527
9542,9526,9567
9543,9527,9528
9544,9528,9569
9545,9529,9530
9546,9529,9568
9547,9530,9570
9548,9531,9571
9549,9532,9572
9550,9532,9574
9551,9533,9573
9552,9534,9535
9553,9534,9573
9554,9535,9575
9555,9536,9576
9556,9537,9577
9557,9538,9580
9558,9539,9578
9559,9540,9579
9560,9541,9582
9561,9542,9581
9562,9543,9583
9563,9544,9584
9564,9545,9585
9565,9546,9586
9566,9547,9587
9567,9548,9589
9568,9549,9588
9569,9550,9591
9570,9551,9552
9571,9551,9590
9572,9553,9593
9573,9554,9555
9574,9554,9592
9575,9556,9594
9576,9557,9595
9577,9558,9596
9578,9559,9598
9579,9560,9561
9580,9560,9599
9581,9561,9562
9582,9562,9600
9583,9563,9601
9584,9564,9603
9585,9565,9602
9586,9566,9605
9587,9567,9604
9588,9568,9606
9589,9569,9607
9590,9570,9608
9591,9571,9572
9592,9571,9609
9593,9573,9610
9594,9574,9611
9595,9575,9612
9596,9576,9614
9597,9577,9615
9598,9578,9616
9599,9579,9617
9600,9580,9619
9601,9581,9621
9602,9582,9620
9603,9583,9621
9604,9584,9622
9605,9585,9622
9606,9586,9623
9607,9587,9624
9608,9588,9625
9609,9589,9626
9610,9590,9627
9611,9591,9628
9612,9592,9629
9613,9593,9630
9614,9594,9630
9615,9595,9631
9616,9596,9597
9617,9596,9632
9618,9597,9599
9619,9598,9633
9620,9600,9634
9621,9601,9635
9622,9602,9636
9623,9603,9637
9624,9604,9637
9625,9605,9638
9626,9606,9638
9627,9607,9639
9628,9608,9640
9629,9609,9639
9630,9610,9641
9631,9611,9642
9632,9612,9643
9633,9613,9642
9634,9613,9645
9635,9614,9644
9636,9615,9646
9637,9616,9647
9638,9617,9618
9639,9618,9619
9640,9619,9648
9641,9620,9649
9642,9621,9650
9643,9622,9651
9644,9623,9652
9645,9624,9625
9646,9624,9653
9647,9626,9627
9648,9626,9654
9649,9628,9655
9650,9629,9655
9651,9630,9656
9652,9631,9632
9653,9631,9657
9654,9633,9658
9655,9634,9635
9656,9634,9659
9657,9636,9660
9658,9637,9661
9659,9638,9662
9660,9639,9663
9661,9640,9664
9662,9641,9664
9663,9642,9665
9664,9643,9644
9665,9643,9666
9666,9645,9668
9667,9646,9667
9668,9647,9670
9669,9648,9669
9670,9649,9671
9671,9650,9672
9672,9651,9673
9673,9652,9674
9674,9653,9675
9675,9654,9676
9676,9655,9677
9677,9656,9678
9678,9657,9679
9679,9658,9680
9680,9659,9681
9681,9660,9682
9682,9661,9683
9683,9662,9684
9684,9663,9685
9685,9664,9686
9686,9665,9687
9687,9666,9688
9688,9667,9689
